name,lat,lng,municipality,ngbe_type,ngbe_code,source,date,arcgis_objectid
Abanillas,43.346131,-4.461182,VAL DE SAN VICENTE,NGBE,2.1.4,,,13303
Abaño,43.361878,-4.390808,SAN VICENTE DE LA BARQUERA,NGBE,2.1.4,,,13304
Abiada,43.018310,-4.290526,HERMANDAD DE CAMPOO DE SUSO,NGBE,2.1.4,,,13305
Abionzo,43.245300,-3.813598,VILLACARRIEDO,NGBE,2.1.4,,,13306
Acereda,43.231872,-3.933777,SANTIURDE DE TORANZO,NGBE,2.1.4,,,13307
Adal-Treto,43.396117,-3.475094,BÁRCENA DE CICERO,NGBE,2.1.4,,,13308
Adino,43.343612,-3.336212,GURIEZO,NGBE,2.1.9,,,4586
Aés,43.283874,-3.956421,PUENTE VIESGO,NGBE,2.1.4,,,13310
Agüera,43.296325,-3.256410,GURIEZO,NGBE,2.1.4,,,13311
Agüero,43.414304,-3.723995,MARINA DE CUDEYO,NGBE,2.1.4,,,13312
Ahedo,43.336730,-3.390807,AMPUERO,NGBE,2.1.9,,,4606
Aja,43.200073,-3.522581,SOBA,NGBE,2.1.4,,,13313
Ajanedo,43.261291,-3.711791,MIERA,NGBE,2.1.9,,,4607
Ajo,43.479203,-3.612867,BAREYO,NGBE,2.1.4,,,13315
Ajo,43.479203,-3.612867,BAREYO,NGBE,2.1.3,,,13929
Alar,43.110901,-3.804810,SAN PEDRO DEL ROMERAL,NGBE,2.1.9,https://pares.cultura.gob.es/catastro/servlets/ServletController?mapas=0&accion=1&volver=0&txtBusqueda=Alar&tipo=0&tipolocal=-1&provact=39&Buscar=Buscar,1749-1753,588
Alceda,43.193909,-3.917786,CORVERA DE TORANZO,NGBE,2.1.4,,,13317
Aldano,43.131982,-3.870868,SAN PEDRO DEL ROMERAL,NGBE,2.1.9,,,4621
Aldea de Ebro,42.905884,-4.030213,VALDEPRADO DEL RÍO,NGBE,2.1.4,,,13318
Aldueso,43.017883,-4.088012,CAMPOO DE ENMEDIO,NGBE,2.1.4,,,13319
Aliezo,43.172123,-4.600742,CILLORIGO DE LIÉBANA,NGBE,2.1.9,,,4624
Alisas,43.297895,-3.657833,Varios o fuera de Cantabria,NGBE,2.1.9,,,591
Alisas,43.354492,-3.410399,AMPUERO,NGBE,2.1.9,,,592
Allén del Hoyo,42.929688,-3.882814,VALDERREDIBLE,NGBE,2.1.4,,,13320
Allende,43.215122,-4.596977,CILLORIGO DE LIÉBANA,NGBE,2.1.6,https://pares.cultura.gob.es/catastro/servlets/ServletController?accion=4&opcionV=3&orden=0&loc=13953&pageNum=1,1749-1753,4625
Allendelagua,43.395874,-3.247007,CASTRO-URDIALES,NGBE,2.1.9,,,4626
Aloños,43.229309,-3.874512,VILLACARRIEDO,NGBE,2.1.4,,,13321
Ambrosero,43.417113,-3.549678,BÁRCENA DE CICERO,NGBE,2.1.4,,,13322
Ampuero,43.342430,-3.417350,AMPUERO,NGBE,2.1.9,,,613
Ampuero,43.342430,-3.417350,AMPUERO,NGBE,2.1.3,,,13937
Anaz,43.362486,-3.753782,MEDIO CUDEYO,NGBE,2.1.4,,,13324
Ancillo,43.449889,-3.491083,ARGOÑOS,NGBE,2.1.9,,,614
Anero,43.396910,-3.650814,RIBAMONTÁN AL MONTE,NGBE,2.1.4,,,13325
Angostina,43.335509,-3.325684,GURIEZO,NGBE,2.1.9,,,4773
Angustina,43.318908,-3.709104,RIOTUERTO,NGBE,2.1.9,,,616
Aniezo,43.144131,-4.536823,CABEZÓN DE LIÉBANA,NGBE,2.1.4,,,13327
Aradillos,43.030090,-4.133789,CAMPOO DE ENMEDIO,NGBE,2.1.4,,,13329
Arantiones,42.823304,-3.970583,VALDERREDIBLE,NGBE,2.1.4,,,13330
Arca,43.155728,-4.047438,MOLLEDO,Autonómico,2.1.6,,,119445
Arce,43.410094,-3.942384,PIÉLAGOS,NGBE,2.1.4,,,13331
Arcera,42.875306,-4.047486,VALDEPRADO DEL RÍO,NGBE,2.1.4,,,13333
Arenal,43.331114,-3.816589,PENAGOS,NGBE,2.1.4,,,13334
Arenas,43.287903,-4.447083,RIONANSA,NGBE,2.1.4,,,13335
Arenas de Iguña,43.185507,-4.048746,ARENAS DE IGUÑA,NGBE,2.1.9,,,634
Arenas de Iguña,43.185507,-4.048746,ARENAS DE IGUÑA,NGBE,2.1.3,,,13946
Arenillas de Ebro,42.818483,-3.909792,VALDERREDIBLE,NGBE,2.1.4,,,13337
Areños,43.113761,-4.728161,CAMALEÑO,NGBE,2.1.9,,,4796
Argomilla,43.307921,-3.873779,SANTA MARÍA DE CAYÓN,NGBE,2.1.4,,,13338
Argoños,43.455652,-3.493961,ARGOÑOS,NGBE,2.1.9,,,637
Argoños,43.455652,-3.493961,ARGOÑOS,NGBE,2.1.3,,,13950
Argüébanes,43.175476,-4.664490,CAMALEÑO,NGBE,2.1.4,,,13339
Argüedes,43.348955,-4.355650,VALDÁLIGA,NGBE,2.1.6,,,4800
Argüeso,43.031128,-4.199889,HERMANDAD DE CAMPOO DE SUSO,NGBE,2.1.4,,,13340
Armaño,43.176804,-4.608219,CILLORIGO DE LIÉBANA,NGBE,2.1.4,,,13341
Arnuero,43.470514,-3.561625,ARNUERO,NGBE,2.1.4,,,13342
Arnuero,43.470514,-3.561625,ARNUERO,NGBE,2.1.3,,,13954
Arredondo,43.274697,-3.601484,ARREDONDO,NGBE,2.1.9,,,642
Arredondo,43.274697,-3.601484,ARREDONDO,NGBE,2.1.3,,,13956
Arroyal,42.909611,-4.077187,VALDEPRADO DEL RÍO,NGBE,2.1.4,,,13344
Arroyal,42.909611,-4.077187,VALDEPRADO DEL RÍO,NGBE,2.1.3,,,13957
Arroyo,42.972473,-4.054504,ROZAS DE VALDEARROYO (LAS),NGBE,2.1.9,,,4817
Arroyo,43.403687,-4.126404,SANTILLANA DEL MAR,NGBE,2.1.4,https://pares.cultura.gob.es/catastro/servlets/ServletController?mapas=0&accion=1&volver=0&txtBusqueda=Arroyo&tipo=0&tipolocal=-1&provact=39&Buscar=Buscar,1749-1753,13346
Arroyuelos,42.839478,-3.859499,VALDERREDIBLE,NGBE,2.1.4,,,13348
Asón,43.240112,-3.605711,SOBA,NGBE,2.1.9,,,672
Asón,43.240112,-3.605711,SOBA,NGBE,2.1.4,,,13349
Astrana,43.202087,-3.561522,SOBA,NGBE,2.1.4,,,13350
Avellanedo,43.072510,-4.524414,PESAGUERO,NGBE,2.1.4,,,13352
Azoños,43.430114,-3.908509,SANTA CRUZ DE BEZANA,NGBE,2.1.4,,,13353
Bada,43.090412,-4.675272,VEGA DE LIÉBANA,Histórico,2.1.9,,,322678
Bádames,43.355062,-3.496931,VOTO,NGBE,2.1.4,,,13354
Bádames,43.355062,-3.496931,VOTO,NGBE,2.1.3,,,13963
Balbacienta,43.358276,-3.312377,GURIEZO,NGBE,2.1.9,,,5286
Baltezana,43.341130,-3.171232,CASTRO-URDIALES,NGBE,2.1.9,,,5290
Bárago,43.071608,-4.623460,VEGA DE LIÉBANA,NGBE,2.1.4,,,13356
Baranda,43.446715,-3.528070,ESCALANTE,NGBE,2.1.9,,,5293
Bárcena,43.135125,-4.712912,CAMALEÑO,NGBE,2.1.9,,,699
Bárcena,43.284729,-3.437926,RAMALES DE LA VICTORIA,NGBE,2.1.6,,,5307
Bárcena,43.186523,-3.900879,SANTIURDE DE TORANZO,NGBE,2.1.4,,,13357
Bárcena,43.125498,-4.057998,Varios o fuera de Cantabria,NGBE,2.1.4,,,13358
Bárcena de Carriedo,43.245483,-3.828613,VILLACARRIEDO,NGBE,2.1.4,,,13360
Bárcena de Cudón,43.410705,-3.996217,MIENGO,NGBE,2.1.4,,,13362
Bárcena de Ebro,42.852479,-4.035523,VALDERREDIBLE,NGBE,2.1.4,,,13363
Bárcena de Pie de Concha,43.125498,-4.057998,Varios o fuera de Cantabria,NGBE,2.1.9,,,700
Bárcena de Pie de Concha,43.125498,-4.057998,Varios o fuera de Cantabria,NGBE,2.1.3,,,13971
Bárcena Mayor,43.143310,-4.193725,TOJOS (LOS),NGBE,2.1.4,,,13364
Barcenaciones,43.344116,-4.148682,REOCÍN,NGBE,2.1.4,,,13365
Barcenilla,43.388305,-3.955079,PIÉLAGOS,NGBE,2.1.4,,,13366
Barcenillas,43.241699,-4.283996,RUENTE,NGBE,2.1.9,,,5314
Bareyo,43.468077,-3.600274,BAREYO,NGBE,2.1.4,,,13367
Baró,43.152710,-4.681580,CAMALEÑO,NGBE,2.1.4,,,13368
Barreda,43.086487,-4.552979,PESAGUERO,NGBE,2.1.9,,,5393
Barreda,43.368193,-4.043315,TORRELAVEGA,NGBE,2.1.4,,,13369
Barrio,43.009888,-4.229796,HERMANDAD DE CAMPOO DE SUSO,NGBE,2.1.9,https://pares.cultura.gob.es/catastro/servlets/ServletController?mapas=0&accion=1&volver=0&txtBusqueda=Barrio&tipo=0&tipolocal=-1&provact=39&Buscar=Buscar,1749-1753,712
Barrio,43.009888,-4.229796,HERMANDAD DE CAMPOO DE SUSO,NGBE,2.1.4,https://pares.cultura.gob.es/catastro/servlets/ServletController?mapas=0&accion=1&volver=0&txtBusqueda=Barrio&tipo=0&tipolocal=-1&provact=39&Buscar=Buscar,1749-1753,13370
Barrio,43.072300,-4.673877,VEGA DE LIÉBANA,NGBE,2.1.4,,,13371
Barrio de Abajo,43.264893,-4.248413,RUENTE,NGBE,2.1.6,,,5397
Barrio de Arriba,43.341491,-3.676084,RIOTUERTO,NGBE,2.1.9,,,5398
Barrio de Arriba,43.258484,-4.245788,RUENTE,NGBE,2.1.6,,,5399
Barrio de la Iglesia,43.380330,-4.252223,RUILOBA,NGBE,2.1.9,,,771
Barrio de la Iglesia,43.380330,-4.252223,RUILOBA,NGBE,2.1.3,,,13981
Barrio de las Cuevas,43.328771,-4.350005,VALDÁLIGA,NGBE,2.1.6,,,571
Barrio Obrero,43.379048,-4.037600,POLANCO,NGBE,2.1.9,,,868
Barrio San Pedro,43.329415,-4.324701,VALDÁLIGA,NGBE,2.1.6,,,4412
Barriopalacio,43.196106,-4.013977,ANIEVAS,NGBE,2.1.9,,,5402
Barriopalacio,42.900513,-4.183898,VALDEOLEA,NGBE,2.1.4,,,13372
Barros,43.282898,-4.077210,CORRALES DE BUELNA (LOS),NGBE,2.1.9,,,5403
Barruelo,42.908509,-4.067078,VALDEPRADO DEL RÍO,NGBE,2.1.4,,,13373
Barruelo,43.280092,-3.499079,RUESGA,NGBE,2.1.4,,,13374
Beares,43.156128,-4.669617,CAMALEÑO,NGBE,2.1.9,,,5409
Bedicó,43.321899,-4.091187,CARTES,NGBE,2.1.9,,,5411
Bedoya,43.192689,-4.583131,CILLORIGO DE LIÉBANA,NGBE,2.1.5,,,897
Bejes,43.242920,-4.646424,CILLORIGO DE LIÉBANA,NGBE,2.1.4,,,13376
Bejo,43.090271,-4.699279,VEGA DE LIÉBANA,Histórico,2.1.9,,,322679
Belmonte,43.107910,-4.444580,POLACIONES,NGBE,2.1.4,,,13377
Beranga,43.413706,-3.579252,HAZAS DE CESTO,NGBE,2.1.4,,,13378
Beranga,43.413706,-3.579252,HAZAS DE CESTO,NGBE,2.1.3,,,13987
Bercedo,42.866795,-4.192117,VALDEOLEA,NGBE,2.1.9,,,5419
Berezales,43.404296,-3.573299,HAZAS DE CESTO,NGBE,2.1.6,,,5550
Bernales,43.336043,-3.408955,AMPUERO,NGBE,2.1.9,,,902
Berzosa,43.009050,-4.146805,CAMPOO DE ENMEDIO,Autonómico,2.1.6,,,316340
Besoy,43.129883,-4.720703,CAMALEÑO,NGBE,2.1.9,,,5432
Bezana,43.444518,-3.895509,SANTA CRUZ DE BEZANA,NGBE,2.1.4,,,13380
Bielva,43.315125,-4.464478,HERRERÍAS,NGBE,2.1.4,,,13382
Bimón,42.989502,-3.968812,ROZAS DE VALDEARROYO (LAS),NGBE,2.1.4,,,13383
Birruezas,43.291523,-4.326217,VALDÁLIGA,NGBE,2.1.6,,,906
Bodia,43.141231,-4.674706,CAMALEÑO,NGBE,2.1.9,,,5447
Bollacín,43.084693,-3.891590,LUENA,NGBE,2.1.9,,,5450
Bolmir,42.989319,-4.125915,CAMPOO DE ENMEDIO,NGBE,2.1.4,,,13384
Boo,43.409117,-3.841186,ASTILLERO (EL),NGBE,2.1.9,,,912
Boo,43.431091,-3.945985,PIÉLAGOS,NGBE,2.1.4,,,13385
Bores,43.094299,-4.666809,VEGA DE LIÉBANA,NGBE,2.1.4,,,13386
Borleña,43.235900,-3.952088,CORVERA DE TORANZO,NGBE,2.1.4,,,13387
Bostronizo,43.204895,-4.046509,ARENAS DE IGUÑA,NGBE,2.1.4,,,13388
Brez,43.162476,-4.697998,CAMALEÑO,NGBE,2.1.4,,,13389
Bucarrero,43.353880,-3.761106,LIÉRGANES,NGBE,2.1.6,,,918
Buelles,43.330308,-4.540867,Varios o fuera de Cantabria,NGBE,2.1.5,,,188323
Bueras,43.340087,-3.479124,VOTO,NGBE,2.1.4,,,13390
Bulco,43.310730,-3.447996,AMPUERO,NGBE,2.1.9,,,5559
Burió,43.256326,-4.520996,LAMASÓN,NGBE,2.1.9,,,368
Bustablado,43.280883,-3.653990,ARREDONDO,NGBE,2.1.6,,,5571
Bustablado,43.335083,-4.211487,CABEZÓN DE LA SAL,NGBE,2.1.4,https://pares.cultura.gob.es/catastro/servlets/ServletController?mapas=0&accion=1&volver=0&txtBusqueda=Bustablado&tipo=0&tipolocal=-1&provact=39&Buscar=Buscar,1749-1753,13391
Bustaleguín,43.112773,-3.796549,SAN PEDRO DEL ROMERAL,NGBE,2.1.9,,,921
Bustamante,43.006714,-4.007813,CAMPOO DE YUSO,NGBE,2.1.4,,,13392
Bustancillés,43.177917,-3.553404,SOBA,NGBE,2.1.4,,,13393
Bustantegua,43.214905,-3.755981,SELAYA,NGBE,2.1.9,,,5577
Bustasur,43.124329,-3.903687,LUENA,NGBE,2.1.9,,,5582
Bustasur,42.935730,-4.031922,ROZAS DE VALDEARROYO (LAS),NGBE,2.1.4,,,13394
Bustidoño,42.921876,-3.989503,VALDEPRADO DEL RÍO,NGBE,2.1.9,,,5583
Bustillo,43.317343,-4.350154,VALDÁLIGA,NGBE,2.1.6,,,922
Bustillo del Monte,42.853516,-4.009278,VALDERREDIBLE,NGBE,2.1.4,,,13395
Bustio,43.375119,-4.519729,Varios o fuera de Cantabria,Autonómico,2.1.6,,,19944
Bustiyerro,43.111584,-3.833631,SAN PEDRO DEL ROMERAL,NGBE,2.1.9,https://pares.cultura.gob.es/catastro/servlets/ServletController?mapas=0&accion=1&volver=0&txtBusqueda=Bustiyerro&tipo=0&tipolocal=-1&provact=39&Buscar=Buscar,1749-1753,5589
Bustriguado,43.295898,-4.349182,VALDÁLIGA,NGBE,2.1.6,,,5592
Buyezo,43.119324,-4.510498,CABEZÓN DE LIÉBANA,NGBE,2.1.4,,,13396
Cabañas de la Sierra,43.308715,-3.287294,GURIEZO,NGBE,2.1.9,,,4476
Cabañes,43.212525,-4.617127,CILLORIGO DE LIÉBANA,NGBE,2.1.4,,,13398
Cabanzón,43.321473,-4.498292,HERRERÍAS,NGBE,2.1.4,,,13397
Cabárceno,43.358275,-3.822875,PENAGOS,NGBE,2.1.4,,,13399
Cabezón de la Sal,43.308896,-4.236798,CABEZÓN DE LA SAL,NGBE,2.1.9,,,950
Cabezón de la Sal,43.308896,-4.236798,CABEZÓN DE LA SAL,NGBE,2.1.3,,,14011
Cabezón de Liébana,43.133615,-4.575340,CABEZÓN DE LIÉBANA,NGBE,2.1.3,,,13292
Cabezón de Liébana,43.133615,-4.575340,CABEZÓN DE LIÉBANA,NGBE,2.1.4,,,13400
Caborredondo,43.398674,-4.155325,ALFOZ DE LLOREDO,NGBE,2.1.6,https://pares.cultura.gob.es/catastro/servlets/ServletController?accion=4&opcionV=3&orden=0&loc=10497&pageNum=1,1749-1753,5628
Cabrojo,43.329285,-4.194214,CABEZÓN DE LA SAL,NGBE,2.1.9,https://pares.cultura.gob.es/catastro/servlets/ServletController?mapas=0&accion=1&volver=0&txtBusqueda=Cabrojo&tipo=0&tipolocal=-1&provact=39&Buscar=Buscar,1749-1753,951
Cabrojo,43.254795,-4.399052,RIONANSA,NGBE,2.1.6,,,5636
Cabrojo,43.329285,-4.194214,CABEZÓN DE LA SAL,NGBE,2.1.4,https://pares.cultura.gob.es/catastro/servlets/ServletController?mapas=0&accion=1&volver=0&txtBusqueda=Cabrojo&tipo=0&tipolocal=-1&provact=39&Buscar=Buscar,1749-1753,13402
Caceo,43.153502,-4.048148,MOLLEDO,NGBE,2.1.6,,,5639
Cacicedo,43.434691,-3.873902,CAMARGO,NGBE,2.1.4,,,13403
Cadalso,42.832887,-3.885500,VALDERREDIBLE,NGBE,2.1.4,,,13404
Cades,43.304078,-4.468506,HERRERÍAS,NGBE,2.1.4,,,13405
Cahecho,43.160523,-4.553406,CABEZÓN DE LIÉBANA,NGBE,2.1.4,,,13406
Caldas,43.251712,-4.599673,PEÑARRUBIA,NGBE,2.1.9,https://pares.cultura.gob.es/catastro/servlets/ServletController?accion=4&opcionV=3&orden=0&loc=12141&pageNum=1,1749-1753,5653
Calga,43.200073,-4.020081,ANIEVAS,NGBE,2.1.9,,,5660
Callecedo,43.109131,-4.419799,POLACIONES,NGBE,2.1.9,https://pares.cultura.gob.es/catastro/servlets/ServletController?mapas=0&accion=1&volver=0&txtBusqueda=Callecedo&tipo=0&tipolocal=-1&provact=39&Buscar=Buscar,1749-1753,959
Caloca,43.042114,-4.561706,PESAGUERO,NGBE,2.1.4,,,13407
Calseca,43.240295,-3.690978,RUESGA,NGBE,2.1.4,,,13408
Camaleño,43.150696,-4.694702,CAMALEÑO,NGBE,2.1.9,,,960
Camaleño,43.150696,-4.694702,CAMALEÑO,NGBE,2.1.3,,,14022
Camargo,43.405047,-3.884732,CAMARGO,NGBE,2.1.4,,,13409
Cambarco,43.149933,-4.563136,CABEZÓN DE LIÉBANA,NGBE,2.1.4,,,13410
Camesa,42.895875,-4.166626,VALDEOLEA,NGBE,2.1.4,,,13411
Camijanes,43.328126,-4.484925,HERRERÍAS,NGBE,2.1.4,,,13412
Camino,43.034485,-4.171508,HERMANDAD DE CAMPOO DE SUSO,NGBE,2.1.4,,,13413
Campillo,43.205871,-3.759582,SELAYA,NGBE,2.1.6,,,1645
Campillo,43.205871,-3.759582,SELAYA,NGBE,2.1.9,,,5694
Camplengo,43.393494,-4.093384,SANTILLANA DEL MAR,NGBE,2.1.9,https://pares.cultura.gob.es/catastro/servlets/ServletController?mapas=0&accion=1&volver=0&txtBusqueda=Camplengo&tipo=0&tipolocal=-1&provact=39&Buscar=Buscar,1749-1753,5704
Campo de Ebro,42.795772,-3.966030,VALDERREDIBLE,NGBE,2.1.4,,,13414
Campollo,43.121277,-4.654297,VEGA DE LIÉBANA,NGBE,2.1.4,,,13415
Campu,42.999962,-4.250855,HERMANDAD DE CAMPOO DE SUSO,Autonómico,2.1.6,,,316346
Campuzano,43.341135,-4.058201,TORRELAVEGA,NGBE,2.1.9,,,5797
Canales,43.345520,-4.270019,UDÍAS,NGBE,2.1.9,,,5876
Candenosa,42.852906,-4.121826,VALDEPRADO DEL RÍO,NGBE,2.1.4,,,13416
Candolías,43.157715,-3.802002,VEGA DE PAS,NGBE,2.1.9,,,1166
Cañeda,43.018310,-4.118408,CAMPOO DE ENMEDIO,NGBE,2.1.4,,,13418
Cañedo,43.181274,-3.575011,SOBA,NGBE,2.1.4,,,13419
Cara,43.375305,-4.337891,VALDÁLIGA,NGBE,2.1.6,https://pares.cultura.gob.es/catastro/servlets/ServletController?mapas=0&accion=1&volver=0&txtBusqueda=Cara&tipo=0&tipolocal=-1&provact=39&Buscar=Buscar,1749-1753,5926
Caranceja,43.336121,-4.169189,REOCÍN,NGBE,2.1.4,,,13420
Carandía,43.337096,-3.975403,PIÉLAGOS,NGBE,2.1.4,,,13421
Carasa,43.371520,-3.460691,VOTO,NGBE,2.1.4,,,13422
Carazón,43.335326,-3.322022,GURIEZO,NGBE,2.1.9,,,1188
Carite,43.417245,-3.577415,HAZAS DE CESTO,Autonómico,2.1.6,,,88206
Carmona,43.254089,-4.358887,CABUÉRNIGA,NGBE,2.1.4,,,13423
Carnerizas,43.409484,-3.481807,BÁRCENA DE CICERO,NGBE,2.1.6,,,1191
Carrales,43.309011,-3.573257,RUESGA,Autonómico,2.1.6,,,175109
Carrascal de Cocejón,43.090088,-3.871583,LUENA,NGBE,2.1.4,,,13424
Carrascal de San Miguel,43.092285,-3.916077,LUENA,NGBE,2.1.9,,,5950
Carrastrada,43.399109,-4.169311,ALFOZ DE LLOREDO,NGBE,2.1.6,https://pares.cultura.gob.es/catastro/servlets/ServletController?mapas=0&accion=1&volver=0&txtBusqueda=Carrastrada&tipo=0&tipolocal=-1&provact=39&Buscar=Buscar,1749-1753,5955
Carrejo,43.293884,-4.237488,CABEZÓN DE LA SAL,NGBE,2.1.4,,,13426
Carriazo,43.451358,-3.681107,RIBAMONTÁN AL MAR,NGBE,2.1.4,,,13427
Carriazo,43.451358,-3.681107,RIBAMONTÁN AL MAR,NGBE,2.1.3,,,14044
Cartes,43.323444,-4.069856,Varios o fuera de Cantabria,NGBE,2.1.9,,,1194
Cartes,43.323444,-4.069856,Varios o fuera de Cantabria,NGBE,2.1.3,,,14047
Casa del Monte,43.341673,-3.788695,LIÉRGANES,NGBE,2.1.6,,,1270
Casamaría,43.318116,-4.513001,HERRERÍAS,NGBE,2.1.4,,,13429
Casar,43.337280,-4.177185,CABEZÓN DE LA SAL,NGBE,2.1.4,https://pares.cultura.gob.es/catastro/servlets/ServletController?mapas=0&accion=1&volver=0&txtBusqueda=Casar&tipo=0&tipolocal=-1&provact=39&Buscar=Buscar,1749-1753,13430
Casares y Quevedo,43.128723,-4.036987,MOLLEDO,NGBE,2.1.6,,,154
Casasola,43.388489,-4.269409,RUILOBA,NGBE,2.1.9,,,5996
Casavieja,43.290100,-3.388488,RASINES,NGBE,2.1.9,,,5997
Castanedo,43.447324,-3.696406,RIBAMONTÁN AL MAR,NGBE,2.1.4,,,13431
Castillo,43.457091,-3.553216,ARNUERO,NGBE,2.1.4,,,13432
Castillo Pedroso,43.216675,-3.969910,CORVERA DE TORANZO,NGBE,2.1.4,,,13433
Castrillo de Valdelomar,42.797119,-4.122924,VALDERREDIBLE,NGBE,2.1.4,,,13434
Castrillo del Haya,42.911927,-4.173095,VALDEOLEA,NGBE,2.1.4,,,13435
Castro-Cillorigo,43.197327,-4.602723,CILLORIGO DE LIÉBANA,NGBE,2.1.4,,,13436
Castro-Urdiales,43.383768,-3.217759,CASTRO-URDIALES,NGBE,2.1.9,,,1382
Castro-Urdiales,43.383768,-3.217759,CASTRO-URDIALES,NGBE,2.1.3,,,14061
Casuso,43.412291,-3.546992,BÁRCENA DE CICERO,NGBE,2.1.6,,,1383
Caviedes,43.339478,-4.326477,VALDÁLIGA,NGBE,2.1.4,,,13437
Caviña,43.308933,-4.390587,VALDÁLIGA,NGBE,2.1.6,,,6053
Cazpurrión,43.119690,-3.903809,LUENA,NGBE,2.1.9,,,6056
Ceceñas,43.374381,-3.717302,MEDIO CUDEYO,NGBE,2.1.4,,,13438
Ceceño,43.382690,-4.325989,VALDÁLIGA,NGBE,2.1.6,https://pares.cultura.gob.es/catastro/servlets/ServletController?mapas=0&accion=1&volver=0&txtBusqueda=Cece%C3%B1o&tipo=0&tipolocal=-1&provact=39&Buscar=Buscar,1749-1753,6058
Cejancas,42.879090,-3.907411,VALDERREDIBLE,NGBE,2.1.4,,,13439
Celada de los Calderones,43.016296,-4.252990,HERMANDAD DE CAMPOO DE SUSO,NGBE,2.1.4,,,13440
Celada-Marlantes,42.946899,-4.104492,CAMPOO DE ENMEDIO,NGBE,2.1.4,,,13441
Celis,43.282715,-4.434693,RIONANSA,NGBE,2.1.4,,,13442
Celucos,43.275696,-4.433106,RIONANSA,NGBE,2.1.9,,,6066
Cerbiago,43.348510,-3.407591,AMPUERO,NGBE,2.1.9,,,6070
Cerdigo,43.399903,-3.265806,CASTRO-URDIALES,NGBE,2.1.4,,,13443
Cereceda,43.318298,-3.415282,RASINES,NGBE,2.1.9,,,6072
Cerecedas,43.454894,-3.494684,ARGOÑOS,NGBE,2.1.9,,,1399
Cerrazo,43.364929,-4.121887,REOCÍN,NGBE,2.1.4,,,13444
Cervatos,42.956299,-4.146911,CAMPOO DE ENMEDIO,NGBE,2.1.4,,,13445
Cicera,43.235902,-4.550599,PEÑARRUBIA,NGBE,2.1.9,,,6114
Cicero,43.410278,-3.487178,BÁRCENA DE CICERO,NGBE,2.1.4,,,13446
Cigüenza,43.387878,-4.179992,ALFOZ DE LLOREDO,NGBE,2.1.4,https://pares.cultura.gob.es/catastro/servlets/ServletController?mapas=0&accion=1&volver=0&txtBusqueda=Cig%C3%BCenza&tipo=0&tipolocal=-1&provact=39&Buscar=Buscar,1749-1753,13447
Cires,43.242676,-4.499390,LAMASÓN,NGBE,2.1.9,https://pares.cultura.gob.es/catastro/servlets/ServletController?accion=4&opcionV=3&orden=0&loc=12135&pageNum=1,1749-1753,6130
Cobejo,43.127502,-4.062195,MOLLEDO,NGBE,2.1.4,,,13448
Cobeña,43.192689,-4.583314,CILLORIGO DE LIÉBANA,NGBE,2.1.9,,,6136
Cobijón,43.340515,-4.238098,UDÍAS,NGBE,2.1.9,,,6138
Cóbreces,43.387638,-4.214513,ALFOZ DE LLOREDO,NGBE,2.1.4,,,13449
Cohiño,43.189029,-4.080209,ARENAS DE IGUÑA,NGBE,2.1.9,,,1413
Colindres,43.395023,-3.446740,COLINDRES,NGBE,2.1.9,,,1417
Colindres,43.395023,-3.446740,COLINDRES,NGBE,2.1.3,,,14080
Colio,43.193786,-4.632600,CILLORIGO DE LIÉBANA,NGBE,2.1.4,,,13450
Collado,43.239929,-4.096680,CIEZA,NGBE,2.1.9,,,6176
Colsa,43.154376,-4.267395,TOJOS (LOS),NGBE,2.1.6,,,6259
Colsedo,43.331861,-3.561502,VOTO,Autonómico,2.1.6,,,137638
Comillas,43.385153,-4.291634,COMILLAS,NGBE,2.1.9,,,1454
Comillas,43.385153,-4.291634,COMILLAS,NGBE,2.1.3,,,14083
Concha,43.385925,-4.265991,RUILOBA,NGBE,2.1.9,,,6267
Congarna,43.155884,-4.660889,CAMALEÑO,NGBE,2.1.9,,,6273
Coo,43.275085,-4.106079,CORRALES DE BUELNA (LOS),NGBE,2.1.4,,,13451
Corada,42.808900,-3.966005,VALDERREDIBLE,Autonómico,2.1.6,,,316348
Corconte,43.040396,-3.893641,CAMPOO DE YUSO,NGBE,2.1.4,,,13452
Cornoció,43.424003,-3.536298,ESCALANTE,NGBE,2.1.9,,,6295
Coroneles,42.823731,-4.077210,VALDERREDIBLE,NGBE,2.1.4,,,13453
Corral,43.304133,-4.099340,CARTES,NGBE,2.1.9,https://pares.cultura.gob.es/catastro/servlets/ServletController?accion=4&opcionV=3&orden=0&loc=12123&pageNum=1,1749-1753,6304
Correpoco,43.169128,-4.274108,TOJOS (LOS),NGBE,2.1.4,,,13454
Correpoco,43.169128,-4.274108,TOJOS (LOS),NGBE,2.1.3,,,14086
Cortiguera,43.409301,-4.038819,SUANCES,NGBE,2.1.4,,,13456
Corvera,43.266113,-3.947022,CORVERA DE TORANZO,NGBE,2.1.4,,,13457
Corvera,43.284427,-3.645625,ARREDONDO,Autonómico,2.1.6,,,173093
Cos,43.289917,-4.224914,MAZCUERRAS,NGBE,2.1.4,,,13458
Cosgaya,43.109131,-4.727111,CAMALEÑO,NGBE,2.1.4,,,13459
Cosío,43.233521,-4.400086,RIONANSA,NGBE,2.1.4,,,13460
Coterillo,43.331726,-3.434874,AMPUERO,NGBE,2.1.9,,,1481
Cotillo,43.202270,-4.004822,ANIEVAS,NGBE,2.1.9,,,1497
Cotillo,43.202270,-4.004822,ANIEVAS,NGBE,2.1.3,,,14098
Cotillos,43.090271,-4.457275,POLACIONES,NGBE,2.1.4,https://pares.cultura.gob.es/catastro/servlets/ServletController?accion=4&opcionV=3&orden=0&loc=10698&pageNum=1,1749-1753,13461
Coz de Monte,43.382079,-3.476681,BÁRCENA DE CICERO,NGBE,2.1.6,,,1508
Cubas,43.424497,-3.708492,RIBAMONTÁN AL MONTE,NGBE,2.1.4,,,13462
Cubillas,43.270245,-3.448572,RAMALES DE LA VICTORIA,NGBE,2.1.6,,,1519
Cubillo de Ebro,42.808899,-4.032105,VALDERREDIBLE,NGBE,2.1.4,,,13463
Cucayo,43.055761,-4.637088,VEGA DE LIÉBANA,NGBE,2.1.6,,,6459
Cuchía,43.438720,-4.017029,MIENGO,NGBE,2.1.4,,,13464
Cudón,43.415445,-4.012724,MIENGO,NGBE,2.1.4,,,13465
Cuena,42.856507,-4.210510,VALDEOLEA,NGBE,2.1.4,,,13466
Cueto,43.483520,-3.806213,SANTANDER,NGBE,2.1.9,,,6531
Cueva,43.066101,-4.495483,PESAGUERO,NGBE,2.1.4,,,13467
Dobares,43.093689,-4.687988,VEGA DE LIÉBANA,NGBE,2.1.6,,,6629
Dobarganes,43.102905,-4.692016,VEGA DE LIÉBANA,NGBE,2.1.4,,,13468
Dobres,43.062317,-4.641784,VEGA DE LIÉBANA,NGBE,2.1.4,,,13469
Duález,43.363606,-4.059678,TORRELAVEGA,NGBE,2.1.9,,,1603
Dueso,43.458129,-3.455499,SANTOÑA,NGBE,2.1.9,,,6637
Duña,43.335693,-4.217407,CABEZÓN DE LA SAL,NGBE,2.1.9,https://pares.cultura.gob.es/catastro/servlets/ServletController?mapas=0&accion=1&volver=0&txtBusqueda=Du%C3%B1a&tipo=0&tipolocal=-1&provact=39&Buscar=Buscar,1749-1753,6641
El Alvareo,43.433287,-3.556696,ESCALANTE,NGBE,2.1.9,,,6679
El Ansar,43.315918,-4.301392,VALDÁLIGA,NGBE,2.1.6,,,1610
El Arroyo,43.091342,-4.700882,VEGA DE LIÉBANA,NGBE,2.1.6,,,1613
El Arroyo,43.404297,-4.128113,SANTILLANA DEL MAR,NGBE,2.1.6,https://pares.cultura.gob.es/catastro/servlets/ServletController?mapas=0&accion=1&volver=0&txtBusqueda=El%20Arroyo&tipo=0&tipolocal=-1&provact=39&Buscar=Buscar,1749-1753,6704
El Astillero,43.400316,-3.819159,ASTILLERO (EL),NGBE,2.1.9,,,1615
El Astillero,43.400316,-3.819159,ASTILLERO (EL),NGBE,2.1.3,,,14117
El Avellanal,43.280088,-3.662535,ARREDONDO,NGBE,2.1.9,,,1616
El Bao,43.411641,-3.491608,BÁRCENA DE CICERO,NGBE,2.1.6,,,1618
El Barcenal,43.341675,-4.387085,SAN VICENTE DE LA BARQUERA,NGBE,2.1.9,,,6719
El Bosque,43.393309,-3.717709,ENTRAMBASAGUAS,NGBE,2.1.9,,,1630
El Callejo,43.400085,-3.438900,LAREDO,NGBE,2.1.9,https://pares.cultura.gob.es/catastro/servlets/ServletController?accion=4&opcionV=3&orden=0&loc=2260&pageNum=1,1749-1753,6791
El Camino,43.353515,-3.417784,AMPUERO,NGBE,2.1.9,,,1644
El Campo,43.264282,-3.268923,VALLE DE VILLAVERDE,NGBE,2.1.9,,,1649
El Cerro,43.297485,-3.432310,RASINES,NGBE,2.1.9,,,6901
El Cocejón,43.087972,-3.864372,LUENA,NGBE,2.1.9,,,4014
El Collado,43.331999,-4.492439,HERRERÍAS,NGBE,2.1.6,https://pares.cultura.gob.es/catastro/servlets/ServletController?mapas=0&accion=1&volver=0&txtBusqueda=El%20Collado&tipo=0&tipolocal=-1&provact=39&Buscar=Buscar,1749-1753,1670
El Condado,43.345091,-3.791014,LIÉRGANES,NGBE,2.1.6,,,1672
El Cristo,43.412108,-3.512691,BÁRCENA DE CICERO,NGBE,2.1.6,,,1692
El Escobal,43.382410,-3.539882,Varios o fuera de Cantabria,NGBE,2.1.6,,,7064
El Haya,42.908509,-4.156494,VALDEOLEA,NGBE,2.1.9,,,7103
El Llano,43.350271,-3.339819,GURIEZO,NGBE,2.1.9,,,1740
El Llano,43.334106,-4.241699,UDÍAS,NGBE,2.1.9,https://pares.cultura.gob.es/catastro/servlets/ServletController?accion=4&opcionV=3&orden=0&loc=14085&pageNum=1,1749-1753,7170
El Manzanal,43.421896,-3.505764,BÁRCENA DE CICERO,NGBE,2.1.6,,,1743
El Mazo,43.254272,-3.486875,RAMALES DE LA VICTORIA,NGBE,2.1.6,,,1746
El Mazo,43.321274,-4.339179,VALDÁLIGA,NGBE,2.1.6,https://pares.cultura.gob.es/catastro/servlets/ServletController?accion=4&opcionV=3&orden=0&loc=9027&pageNum=1,1749-1753,7195
El Mercadillo,43.342644,-3.744551,LIÉRGANES,NGBE,2.1.6,,,7198
El Molino,43.280132,-3.632062,ARREDONDO,Autonómico,2.1.6,,,173515
El Perujo,43.335153,-3.379648,AMPUERO,NGBE,2.1.9,,,1772
El Pico,43.408080,-3.530025,BÁRCENA DE CICERO,NGBE,2.1.6,,,1775
El Prado,43.157469,-3.430296,SOBA,NGBE,2.1.4,,,13470
El Puente,43.348942,-3.326113,GURIEZO,NGBE,2.1.9,,,1804
El Puente,43.348942,-3.326113,GURIEZO,NGBE,2.1.3,,,14120
El Rellano,43.315610,-3.727394,LIÉRGANES,NGBE,2.1.6,,,1816
El Risco,43.376280,-3.700192,ENTRAMBASAGUAS,NGBE,2.1.6,,,1823
El Rosario,43.115479,-3.841797,SAN PEDRO DEL ROMERAL,NGBE,2.1.6,https://pares.cultura.gob.es/catastro/servlets/ServletController?mapas=0&accion=1&volver=0&txtBusqueda=El%20Rosario&tipo=0&tipolocal=-1&provact=39&Buscar=Buscar,1749-1753,7465
El Tejo,43.372508,-4.338747,VALDÁLIGA,NGBE,2.1.4,https://pares.cultura.gob.es/catastro/servlets/ServletController?accion=4&opcionV=3&orden=0&loc=10684&pageNum=1,1749-1753,13472
El Tojo,43.159912,-4.284118,TOJOS (LOS),NGBE,2.1.4,,,13473
El Turujal,43.317021,-4.277332,VALDÁLIGA,NGBE,2.1.6,https://pares.cultura.gob.es/catastro/servlets/ServletController?mapas=0&accion=1&volver=0&txtBusqueda=El%20Turujal&tipo=0&tipolocal=-1&provact=39&Buscar=Buscar,1749-1753,1843
El Valle,43.363892,-4.289795,COMILLAS,NGBE,2.1.4,https://pares.cultura.gob.es/catastro/servlets/ServletController?mapas=0&accion=1&volver=0&txtBusqueda=El%20Valle&tipo=0&tipolocal=-1&provact=39&Buscar=Buscar,1749-1753,13474
El Vear,43.306491,-4.350418,VALDÁLIGA,NGBE,2.1.6,,,1848
Elechas,43.425901,-3.773374,MARINA DE CUDEYO,NGBE,2.1.4,,,13475
Encimabiá,43.020932,-4.295659,HERMANDAD DE CAMPOO DE SUSO,Autonómico,2.1.6,,,263120
Enterría,43.128962,-4.727835,CAMALEÑO,NGBE,2.1.9,,,4521
Enterrías,43.097717,-4.679626,VEGA DE LIÉBANA,NGBE,2.1.4,,,13476
Entrambasaguas,43.379113,-3.682954,ENTRAMBASAGUAS,NGBE,2.1.9,,,1858
Entrambasaguas,43.009521,-4.280394,HERMANDAD DE CAMPOO DE SUSO,NGBE,2.1.4,,,13477
Entrambasaguas,43.379113,-3.682954,ENTRAMBASAGUAS,NGBE,2.1.3,,,14126
Entrambasmestas,43.166687,-3.895508,LUENA,NGBE,2.1.4,,,13478
Entre las Hazas,43.278479,-3.649018,ARREDONDO,Autonómico,2.1.6,,,173097
Entrepuentes,43.258516,-3.473333,RAMALES DE LA VICTORIA,NGBE,2.1.6,,,7686
Esanos,43.180909,-4.572510,CILLORIGO DE LIÉBANA,NGBE,2.1.9,,,7814
Esanos,43.180909,-4.572510,CILLORIGO DE LIÉBANA,NGBE,2.1.4,,,13479
Escalante,43.437468,-3.514183,ESCALANTE,NGBE,2.1.9,,,1901
Escalante,43.437468,-3.514183,ESCALANTE,NGBE,2.1.3,,,14131
Escobedo,43.401007,-3.905093,CAMARGO,NGBE,2.1.9,,,470
Escobedo,43.401007,-3.905093,CAMARGO,NGBE,2.1.4,,,13480
Escobedo,43.267516,-3.906677,VILLAFUFRE,NGBE,2.1.4,,,14132
Esles,43.281920,-3.803588,SANTA MARÍA DE CAYÓN,NGBE,2.1.4,,,13482
Espinama,43.128479,-4.786376,CAMALEÑO,NGBE,2.1.4,,,13483
Espinilla,43.022076,-4.225922,HERMANDAD DE CAMPOO DE SUSO,NGBE,2.1.4,,,13484
Espinilla,43.022076,-4.225922,HERMANDAD DE CAMPOO DE SUSO,NGBE,2.1.3,,,14136
Espinosa,42.928705,-4.217488,VALDEOLEA,NGBE,2.1.6,,,7836
Espinosa de Bricia,42.872681,-3.862306,VALDERREDIBLE,NGBE,2.1.4,,,13486
Esponzués,43.205688,-3.954712,CORVERA DE TORANZO,NGBE,2.1.4,,,13487
Estián,43.420287,-3.547786,BÁRCENA DE CICERO,NGBE,2.1.6,,,1935
Estrada,43.358094,-4.445801,VAL DE SAN VICENTE,NGBE,2.1.9,https://pares.cultura.gob.es/catastro/servlets/ServletController?accion=4&opcionV=3&orden=0&loc=12039&pageNum=1,1749-1753,7841
Extremera,43.325322,-3.725024,LIÉRGANES,NGBE,2.1.6,,,1938
Fombellida,42.934509,-4.120178,CAMPOO DE ENMEDIO,NGBE,2.1.4,,,13488
Fontecha,43.030884,-4.148986,CAMPOO DE ENMEDIO,NGBE,2.1.4,,,13489
Fontibre,43.017700,-4.188476,HERMANDAD DE CAMPOO DE SUSO,NGBE,2.1.4,,,13490
Frama,43.148614,-4.593519,CABEZÓN DE LIÉBANA,NGBE,2.1.4,,,13491
Francos,43.356079,-3.316284,GURIEZO,NGBE,2.1.9,,,7868
Fresneda,43.180908,-4.297729,CABUÉRNIGA,NGBE,2.1.4,,,13492
Fresnedo,43.189086,-3.473875,SOBA,NGBE,2.1.9,,,7872
Fresnedo,43.363525,-4.160827,ALFOZ DE LLOREDO,NGBE,2.1.6,https://pares.cultura.gob.es/catastro/servlets/ServletController?accion=4&opcionV=3&orden=0&loc=10692&pageNum=1,1749-1753,7873
Fresnedo,43.365478,-3.570797,SOLÓRZANO,NGBE,2.1.4,,,13493
Fresno,43.312317,-3.445311,RASINES,NGBE,2.1.9,,,7874
Fresno del Río,43.017090,-4.143676,CAMPOO DE ENMEDIO,NGBE,2.1.4,,,13494
Fuente Dé,43.144104,-4.812011,CAMALEÑO,NGBE,2.1.9,,,1968
Gajano,43.411924,-3.766111,MARINA DE CUDEYO,NGBE,2.1.4,,,13495
Galizano,43.468504,-3.671198,RIBAMONTÁN AL MAR,NGBE,2.1.4,,,13496
Gama,43.424552,-3.523014,Varios o fuera de Cantabria,NGBE,2.1.9,,,2155
Gama,43.424552,-3.523014,Varios o fuera de Cantabria,NGBE,2.1.4,,,13497
Gama,43.424552,-3.523014,Varios o fuera de Cantabria,NGBE,2.1.3,,,14149
Gancedo,43.346246,-3.783657,LIÉRGANES,NGBE,2.1.6,,,7967
Gandarilla,43.340882,-4.424011,SAN VICENTE DE LA BARQUERA,NGBE,2.1.4,,,13500
Ganzo,43.359680,-4.065796,TORRELAVEGA,NGBE,2.1.9,,,7978
Garzón,43.375121,-3.609188,SOLÓRZANO,NGBE,2.1.9,,,7994
Gerra,43.385925,-4.339905,SAN VICENTE DE LA BARQUERA,NGBE,2.1.4,,,13501
Gismana,43.260925,-4.259888,RUENTE,NGBE,2.1.6,,,2165
Golbardo,43.341583,-4.156221,REOCÍN,NGBE,2.1.4,,,13503
Gornazo,43.412692,-3.985628,MIENGO,NGBE,2.1.4,,,13504
Guardamino,43.261291,-3.444273,RAMALES DE LA VICTORIA,NGBE,2.1.6,,,2182
Guarnizo,43.395278,-3.854815,ASTILLERO (EL),NGBE,2.1.4,,,13506
Güemes,43.455503,-3.635980,BAREYO,NGBE,2.1.4,,,13507
Guzparras,43.184875,-3.859680,VEGA DE PAS,NGBE,2.1.9,,,8027
Hazas,43.394862,-3.378177,LIENDO,NGBE,2.1.9,,,2186
Hazas,43.192688,-3.553587,SOBA,NGBE,2.1.4,,,13509
Hazas,43.394862,-3.378177,LIENDO,NGBE,2.1.3,,,14159
Hazas de Cesto,43.396117,-3.590023,HAZAS DE CESTO,NGBE,2.1.4,,,13510
Helguera,43.156671,-4.036195,MOLLEDO,NGBE,2.1.9,,,8044
Helguera,43.295288,-3.428404,RASINES,NGBE,2.1.9,,,8045
Helguera,43.156671,-4.036195,MOLLEDO,NGBE,2.1.4,,,13511
Helguera,43.348241,-4.099225,REOCÍN,NGBE,2.1.4,,,13512
Helgueras,43.350098,-4.505189,VAL DE SAN VICENTE,NGBE,2.1.9,,,8046
Helguero,43.256897,-3.491575,RAMALES DE LA VICTORIA,NGBE,2.1.6,,,2191
Herada,43.192504,-3.451109,SOBA,NGBE,2.1.4,,,13514
Heras,43.396482,-3.765073,MEDIO CUDEYO,NGBE,2.1.4,,,13515
Hermosa,43.363280,-3.731809,MEDIO CUDEYO,NGBE,2.1.4,,,13516
Herrán,43.381714,-4.110290,SANTILLANA DEL MAR,NGBE,2.1.9,https://pares.cultura.gob.es/catastro/servlets/ServletController?mapas=0&accion=1&volver=0&txtBusqueda=Herr%C3%A1n&tipo=0&tipolocal=-1&provact=39&Buscar=Buscar,1749-1753,8050
Herrera,43.424315,-3.863587,CAMARGO,NGBE,2.1.4,,,13517
Herrera de Ibio,43.299927,-4.179321,MAZCUERRAS,NGBE,2.1.9,,,8051
Hijas,43.276422,-3.980824,PUENTE VIESGO,NGBE,2.1.4,,,13518
Hijedo,42.822584,-4.015053,Varios o fuera de Cantabria,Autonómico,2.1.6,,,316336
Hinojedo,43.396728,-4.049317,SUANCES,NGBE,2.1.4,,,13519
Hormiguera,42.874512,-4.130798,VALDEPRADO DEL RÍO,NGBE,2.1.4,,,13520
Horna de Ebro,42.979309,-4.092712,CAMPOO DE ENMEDIO,NGBE,2.1.4,,,13521
Hornedillo,43.152652,-3.827523,SAN PEDRO DEL ROMERAL,NGBE,2.1.9,,,2202
Hornedo,43.364501,-3.625424,ENTRAMBASAGUAS,NGBE,2.1.9,,,8097
Hortigal,43.358521,-4.424011,SAN VICENTE DE LA BARQUERA,NGBE,2.1.4,https://pares.cultura.gob.es/catastro/servlets/ServletController?mapas=0&accion=1&volver=0&txtBusqueda=Hortigal&tipo=0&tipolocal=-1&provact=39&Buscar=Buscar,1749-1753,13522
Hoyos,42.940125,-4.149475,VALDEOLEA,NGBE,2.1.4,,,13523
Hoz de Abiada,43.018677,-4.281920,HERMANDAD DE CAMPOO DE SUSO,NGBE,2.1.6,,,2225
Hoz de Abiada,43.018677,-4.281920,HERMANDAD DE CAMPOO DE SUSO,NGBE,2.1.4,,,13545
Hoz de Anero,43.406923,-3.663373,RIBAMONTÁN AL MONTE,NGBE,2.1.4,,,13524
Hoz de Anero,43.406923,-3.663373,RIBAMONTÁN AL MONTE,NGBE,2.1.3,,,14177
Hoz de Marrón,43.341125,-3.441282,AMPUERO,NGBE,2.1.4,,,13526
Hoznayo,43.389525,-3.700375,ENTRAMBASAGUAS,NGBE,2.1.9,,,8177
Hualle,43.315949,-4.294526,VALDÁLIGA,NGBE,2.1.6,,,187
Ibio,43.312500,-4.177002,MAZCUERRAS,NGBE,2.1.4,https://pares.cultura.gob.es/catastro/servlets/ServletController?accion=4&opcionV=3&orden=0&loc=10633&pageNum=1,1749-1753,13527
Igollo,43.432730,-3.883553,CAMARGO,NGBE,2.1.4,,,13528
Incedo,43.214477,-3.479001,SOBA,NGBE,2.1.4,,,13529
Irías,43.279296,-3.710509,MIERA,NGBE,2.1.9,,,491
Iruz,43.267883,-3.935120,SANTIURDE DE TORANZO,NGBE,2.1.4,,,13530
Iseca Nueva,43.383301,-3.370115,LIENDO,NGBE,2.1.9,,,2280
Iseca Vieja,43.402710,-3.371701,LIENDO,NGBE,2.1.9,,,8274
Isequilla,43.402100,-3.361203,LIENDO,NGBE,2.1.9,,,8276
Isla,43.493712,-3.568596,ARNUERO,NGBE,2.1.4,,,13531
Isla Playa,43.496886,-3.541801,ARNUERO,NGBE,2.1.9,,,8285
Islares,43.404297,-3.299985,CASTRO-URDIALES,NGBE,2.1.4,,,13532
Izara,42.977295,-4.188781,HERMANDAD DE CAMPOO DE SUSO,NGBE,2.1.4,,,13533
Jaín,43.269714,-4.050476,SAN FELICES DE BUELNA,NGBE,2.1.9,,,8296
La Abadilla,43.314879,-3.855286,SANTA MARÍA DE CAYÓN,NGBE,2.1.4,,,13535
La Acebosa,43.366272,-4.409485,SAN VICENTE DE LA BARQUERA,NGBE,2.1.4,,,13537
La Aguilera,42.964111,-4.046509,ROZAS DE VALDEARROYO (LAS),NGBE,2.1.4,,,13538
La Altura,43.226074,-3.271914,VALLE DE VILLAVERDE,NGBE,2.1.9,,,8374
La Aparecida,43.326294,-3.452391,AMPUERO,NGBE,2.1.9,,,8376
La Arenosa,43.405700,-3.416378,LAREDO,NGBE,2.1.9,https://pares.cultura.gob.es/catastro/servlets/ServletController?mapas=0&accion=1&volver=0&txtBusqueda=La%20Arenosa&tipo=0&tipolocal=-1&provact=39&Buscar=Buscar,1749-1753,2308
La Bárcena,43.342712,-3.406615,AMPUERO,NGBE,2.1.9,,,2312
La Bárcena,43.285632,-4.041631,SAN FELICES DE BUELNA,NGBE,2.1.9,,,2313
La Barquera,43.341682,-4.072353,CARTES,NGBE,2.1.9,,,2316
La Bodega,43.411173,-3.506907,BÁRCENA DE CICERO,NGBE,2.1.6,,,8432
La Busta,43.348936,-4.177109,ALFOZ DE LLOREDO,NGBE,2.1.4,,,13539
La Cabañía,42.997131,-4.268498,HERMANDAD DE CAMPOO DE SUSO,Autonómico,2.1.6,,,316339
La Cantera,43.352112,-4.360596,VALDÁLIGA,NGBE,2.1.6,https://pares.cultura.gob.es/catastro/servlets/ServletController?mapas=0&accion=1&volver=0&txtBusqueda=La%20Cantera&tipo=0&tipolocal=-1&provact=39&Buscar=Buscar,1749-1753,8537
La Cantolla,43.294921,-3.707701,MIERA,NGBE,2.1.9,,,8541
La Capitana,43.255920,-3.264223,VALLE DE VILLAVERDE,NGBE,2.1.9,,,2348
La Cárcoba,43.275585,-3.712217,MIERA,NGBE,2.1.9,,,2350
La Cárcoba,43.275585,-3.712217,MIERA,NGBE,2.1.3,,,14191
La Casuca,43.364169,-3.408461,LIMPIAS,Autonómico,2.1.6,,,39636
La Cavada,43.346966,-3.700383,RIOTUERTO,NGBE,2.1.9,,,2360
La Cavada,43.346966,-3.700383,RIOTUERTO,NGBE,2.1.3,,,14193
La Cocina,43.318837,-4.352207,VALDÁLIGA,NGBE,2.1.6,,,8607
La Collada,43.340365,-3.628019,Varios o fuera de Cantabria,NGBE,2.1.9,,,2372
La Concha,43.208162,-3.702428,SAN ROQUE DE RIOMIERA,NGBE,2.1.6,https://pares.cultura.gob.es/catastro/servlets/ServletController?accion=4&opcionV=3&orden=0&loc=10650&pageNum=1,1749-1753,2373
La Concha,43.208162,-3.702428,SAN ROQUE DE RIOMIERA,NGBE,2.1.9,https://pares.cultura.gob.es/catastro/servlets/ServletController?accion=4&opcionV=3&orden=0&loc=10650&pageNum=1,1749-1753,2376
La Concha,43.309082,-4.357727,VALDÁLIGA,NGBE,2.1.6,,,8620
La Concha,43.373106,-3.851196,VILLAESCUSA,NGBE,2.1.4,,,13540
La Concha,43.373106,-3.851196,VILLAESCUSA,NGBE,2.1.3,,,14195
La Corra,43.349914,-3.334106,GURIEZO,NGBE,2.1.9,,,2378
La Costana,43.016663,-4.004180,CAMPOO DE YUSO,NGBE,2.1.4,,,13542
La Costana,43.016663,-4.004180,CAMPOO DE YUSO,NGBE,2.1.3,,,14196
La Costera,43.343547,-3.745758,LIÉRGANES,NGBE,2.1.6,,,2380
La Cotera,43.273316,-4.419983,RIONANSA,NGBE,2.1.9,,,8680
La Cuesta,43.412026,-3.520368,BÁRCENA DE CICERO,NGBE,2.1.6,,,2402
La Cuesta,43.262595,-4.250496,RUENTE,NGBE,2.1.6,https://pares.cultura.gob.es/catastro/servlets/ServletController?mapas=0&accion=1&volver=0&txtBusqueda=La%20Cuesta&tipo=0&tipolocal=-1&provact=39&Buscar=Buscar,1749-1753,2403
La Cueva,43.315306,-3.902893,CASTAÑEDA,NGBE,2.1.9,,,8758
La Edilla,43.312316,-3.404601,RASINES,NGBE,2.1.9,,,8781
La Encina,43.319518,-3.865784,SANTA MARÍA DE CAYÓN,NGBE,2.1.4,,,13544
La Ermita,43.411565,-3.488023,BÁRCENA DE CICERO,NGBE,2.1.6,,,2421
La Escallada,43.415398,-3.549418,BÁRCENA DE CICERO,NGBE,2.1.6,,,2422
La Estación,43.282104,-3.438902,RAMALES DE LA VICTORIA,NGBE,2.1.6,,,8813
La Fragua,43.411091,-3.493625,BÁRCENA DE CICERO,NGBE,2.1.6,,,8829
La Frecha,43.151738,-4.676214,CAMALEÑO,NGBE,2.1.9,,,8832
La Ganceda,43.313385,-4.359020,VALDÁLIGA,NGBE,2.1.6,,,2432
La Gándara,43.195312,-3.565978,SOBA,NGBE,2.1.6,,,8855
La Garma,43.151672,-3.897827,LUENA,NGBE,2.1.9,,,2437
La Gurueba,43.169495,-3.839722,VEGA DE PAS,NGBE,2.1.9,,,8896
La Hayuela,43.336121,-4.267395,UDÍAS,NGBE,2.1.9,,,8901
La Hermida,43.254883,-4.615113,PEÑARRUBIA,NGBE,2.1.9,https://pares.cultura.gob.es/catastro/servlets/ServletController?accion=4&opcionV=3&orden=0&loc=12142&pageNum=1,1749-1753,8913
La Herrán,43.356518,-3.784242,LIÉRGANES,NGBE,2.1.6,,,2455
La Herrería,43.282898,-4.439881,RIONANSA,NGBE,2.1.9,,,2459
La Herrería,43.309509,-4.293518,VALDÁLIGA,NGBE,2.1.6,,,8919
La Hoya,43.357117,-4.361878,VALDÁLIGA,NGBE,2.1.6,https://pares.cultura.gob.es/catastro/servlets/ServletController?mapas=0&accion=1&volver=0&txtBusqueda=La%20Hoya&tipo=0&tipolocal=-1&provact=39&Buscar=Buscar,1749-1753,8943
La Iglesia,43.417113,-3.549312,BÁRCENA DE CICERO,NGBE,2.1.6,,,2474
La Iglesia,43.280273,-3.652708,ARREDONDO,NGBE,2.1.9,,,2475
La Iglesia,43.420897,-3.516414,BÁRCENA DE CICERO,NGBE,2.1.6,,,2476
La Iglesia,43.256445,-3.263243,VALLE DE VILLAVERDE,NGBE,2.1.9,,,8955
La Laguna,43.114753,-4.406945,POLACIONES,NGBE,2.1.9,https://pares.cultura.gob.es/catastro/servlets/ServletController?mapas=0&accion=1&volver=0&txtBusqueda=La%20Laguna&tipo=0&tipolocal=-1&provact=39&Buscar=Buscar,1749-1753,8985
La Lastra,43.150513,-4.380981,TUDANCA,NGBE,2.1.4,,,13546
La Loma,42.937590,-4.204552,VALDEOLEA,NGBE,2.1.4,,,13547
La Lomba,43.010681,-4.286010,HERMANDAD DE CAMPOO DE SUSO,NGBE,2.1.9,,,9063
La Magdalena,43.353698,-3.335510,GURIEZO,NGBE,2.1.9,,,9074
La Mata,43.329407,-4.371145,VALDÁLIGA,NGBE,2.1.6,https://pares.cultura.gob.es/catastro/servlets/ServletController?mapas=0&accion=1&volver=0&txtBusqueda=La%20Mata&tipo=0&tipolocal=-1&provact=39&Buscar=Buscar,1749-1753,9101
La Matanza,43.244793,-3.261246,VALLE DE VILLAVERDE,NGBE,2.1.9,,,2517
La Matanza,43.244793,-3.261246,VALLE DE VILLAVERDE,NGBE,2.1.3,,,14201
La Maza,43.394897,-3.477291,BÁRCENA DE CICERO,NGBE,2.1.6,https://pares.cultura.gob.es/catastro/servlets/ServletController?accion=4&opcionV=3&orden=0&loc=10778&pageNum=1,1749-1753,2521
La Miña,43.015696,-4.163842,HERMANDAD DE CAMPOO DE SUSO,NGBE,2.1.4,,,13549
La Molina,43.319885,-4.312195,VALDÁLIGA,NGBE,2.1.6,,,9164
La Molina,43.156128,-4.636475,CAMALEÑO,NGBE,2.1.9,,,9165
La Montaña,43.323730,-4.016297,TORRELAVEGA,NGBE,2.1.9,,,9167
La Parada,43.167959,-3.899552,LUENA,NGBE,2.1.9,,,2547
La Pared,43.238709,-3.449294,RAMALES DE LA VICTORIA,NGBE,2.1.6,,,2548
La Pedrosa,43.231884,-3.703089,SAN ROQUE DE RIOMIERA,NGBE,2.1.9,https://pares.cultura.gob.es/catastro/servlets/ServletController?mapas=0&accion=1&volver=0&txtBusqueda=La%20Pedrosa&tipo=0&tipolocal=-1&provact=39&Buscar=Buscar,1749-1753,2558
La Peña,43.392272,-3.468808,BÁRCENA DE CICERO,NGBE,2.1.6,https://pares.cultura.gob.es/catastro/servlets/ServletController?mapas=0&accion=1&volver=0&txtBusqueda=La%20Pe%C3%B1a&tipo=0&tipolocal=-1&provact=39&Buscar=Buscar,1749-1753,2567
La Peñía,43.348196,-4.351624,VALDÁLIGA,NGBE,2.1.6,,,2569
La Penilla,43.319518,-3.882507,SANTA MARÍA DE CAYÓN,NGBE,2.1.4,,,13550
La Peredilla,43.120993,-3.828888,SAN PEDRO DEL ROMERAL,NGBE,2.1.9,https://pares.cultura.gob.es/catastro/servlets/ServletController?accion=4&opcionV=3&orden=0&loc=2615&pageNum=1,1749-1753,2573
La Pesquera,43.403023,-3.429662,LAREDO,NGBE,2.1.9,https://pares.cultura.gob.es/catastro/servlets/ServletController?accion=4&opcionV=3&orden=0&loc=14136&pageNum=1,1749-1753,2576
La Plaza,43.317629,-4.313137,VALDÁLIGA,NGBE,2.1.6,,,2581
La Población,43.030119,-3.945785,CAMPOO DE YUSO,NGBE,2.1.4,,,13551
La Población,42.986655,-4.237587,HERMANDAD DE CAMPOO DE SUSO,NGBE,2.1.4,,,13552
La Portilla,43.387329,-3.382688,LIENDO,NGBE,2.1.9,,,9276
La Prá,43.030992,-4.324776,HERMANDAD DE CAMPOO DE SUSO,Autonómico,2.1.6,,,316341
La Puente,43.313353,-4.356741,VALDÁLIGA,NGBE,2.1.6,,,2596
La Puente,43.098868,-3.899205,LUENA,NGBE,2.1.9,,,9312
La Puente del Valle,42.795289,-3.984499,VALDERREDIBLE,NGBE,2.1.4,,,13553
La Quieva,43.317410,-3.752898,LIÉRGANES,NGBE,2.1.6,,,2597
La Quieva,43.310571,-3.755106,LIÉRGANES,NGBE,2.1.6,,,9323
La Quintana,43.279480,-3.437332,RAMALES DE LA VICTORIA,NGBE,2.1.6,,,2602
La Quintana,42.882396,-4.208844,VALDEOLEA,NGBE,2.1.6,,,3428
La Quintana,43.243076,-4.637021,CILLORIGO DE LIÉBANA,NGBE,2.1.6,,,9330
La Quintana,42.882401,-4.208849,VALDEOLEA,NGBE,2.1.9,,,9333
La Quintana,43.279480,-3.437332,RAMALES DE LA VICTORIA,NGBE,2.1.4,,,13554
La Rabia,43.379077,-4.314189,COMILLAS,NGBE,2.1.9,https://pares.cultura.gob.es/catastro/servlets/ServletController?mapas=0&accion=1&volver=0&txtBusqueda=La%20Rabia&tipo=0&tipolocal=-1&provact=39&Buscar=Buscar,1749-1753,9335
La Rañada,43.337889,-3.744383,LIÉRGANES,NGBE,2.1.6,,,2603
La Revilla,43.378906,-4.362976,SAN VICENTE DE LA BARQUERA,NGBE,2.1.4,https://pares.cultura.gob.es/catastro/servlets/ServletController?mapas=0&accion=1&volver=0&txtBusqueda=La%20Revilla&tipo=0&tipolocal=-1&provact=39&Buscar=Buscar,1749-1753,13555
La Revilla,43.201285,-3.488866,SOBA,NGBE,2.1.4,,,13556
La Revilla,42.929779,-4.188170,VALDEOLEA,Autonómico,2.1.6,,,289307
La Ría,43.292908,-4.307190,VALDÁLIGA,NGBE,2.1.6,,,2617
La Ría,43.381104,-4.318298,VALDÁLIGA,NGBE,2.1.6,,,2618
La Riva,43.015930,-3.965821,CAMPOO DE YUSO,NGBE,2.1.4,,,13557
La Roza,43.277099,-3.632627,ARREDONDO,NGBE,2.1.9,,,2625
La Serna,43.172119,-4.044006,ARENAS DE IGUÑA,NGBE,2.1.4,,,13558
La Serna,42.880677,-3.949098,VALDERREDIBLE,NGBE,2.1.4,,,13829
La Sierra,43.317078,-4.300293,VALDÁLIGA,NGBE,2.1.6,,,2634
La Sierra,43.388122,-3.474789,BÁRCENA DE CICERO,NGBE,2.1.6,https://pares.cultura.gob.es/catastro/servlets/ServletController?mapas=0&accion=1&volver=0&txtBusqueda=La%20Sierra&tipo=0&tipolocal=-1&provact=39&Buscar=Buscar,1749-1753,2635
La Sorrozuela,43.507322,-3.582511,BAREYO,NGBE,2.1.6,,,9496
La Sota,43.121137,-3.847106,SAN PEDRO DEL ROMERAL,NGBE,2.1.9,https://pares.cultura.gob.es/catastro/servlets/ServletController?mapas=0&accion=1&volver=0&txtBusqueda=La%20Sota&tipo=0&tipolocal=-1&provact=39&Buscar=Buscar,1749-1753,2640
La Tejera,43.391478,-3.561275,BÁRCENA DE CICERO,NGBE,2.1.6,,,9557
La Toba,43.260314,-3.719603,MIERA,NGBE,2.1.9,,,2655
La Vega,43.334471,-3.744322,LIÉRGANES,NGBE,2.1.6,,,2675
La Vega,43.312651,-3.601406,RUESGA,NGBE,2.1.6,,,9618
La Vega,43.303894,-3.401977,RASINES,NGBE,2.1.9,,,9628
La Vega,43.295470,-3.700682,MIERA,NGBE,2.1.9,,,9629
La Vega,43.314381,-4.355652,VALDÁLIGA,NGBE,2.1.6,https://pares.cultura.gob.es/catastro/servlets/ServletController?mapas=0&accion=1&volver=0&txtBusqueda=La%20Vega&tipo=0&tipolocal=-1&provact=39&Buscar=Buscar,1749-1753,9630
La Vega,43.099505,-4.647237,VEGA DE LIÉBANA,NGBE,2.1.4,,,13559
La Vega,43.099505,-4.647237,VEGA DE LIÉBANA,NGBE,2.1.3,,,14210
La Vega de Liébana,43.099505,-4.647237,VEGA DE LIÉBANA,Histórico,2.1.9,,,322680
La Veguilla,43.245524,-3.607069,ARREDONDO,NGBE,2.1.6,,,2677
La Veguilla,43.359065,-4.100024,REOCÍN,NGBE,2.1.4,https://pares.cultura.gob.es/catastro/servlets/ServletController?mapas=0&accion=1&volver=0&txtBusqueda=La%20Veguilla&tipo=0&tipolocal=-1&provact=39&Buscar=Buscar,1749-1753,13561
La Venta,43.354736,-4.354106,VALDÁLIGA,NGBE,2.1.6,https://pares.cultura.gob.es/catastro/servlets/ServletController?mapas=0&accion=1&volver=0&txtBusqueda=La%20Venta&tipo=0&tipolocal=-1&provact=39&Buscar=Buscar,1749-1753,9648
La Venta Fresnedo,43.278504,-4.484009,Varios o fuera de Cantabria,NGBE,2.1.9,,,2684
La Venta Fresnedo,43.278504,-4.484009,Varios o fuera de Cantabria,NGBE,2.1.6,,,13147
La Ventona,43.145691,-3.899292,LUENA,NGBE,2.1.9,,,9653
La Vía,43.414489,-3.482906,BÁRCENA DE CICERO,NGBE,2.1.6,,,9659
La Virgen,43.329712,-4.247986,UDÍAS,NGBE,2.1.9,,,9668
Labarces,43.325684,-4.393189,VALDÁLIGA,NGBE,2.1.4,,,13562
Lafuente,43.254273,-4.510010,LAMASÓN,NGBE,2.1.9,https://pares.cultura.gob.es/catastro/servlets/ServletController?accion=4&opcionV=3&orden=0&loc=12136&pageNum=1,1749-1753,9697
Laguillos,42.923204,-4.014201,VALDEPRADO DEL RÍO,NGBE,2.1.9,,,4110
Laiseca,43.237304,-3.268496,VALLE DE VILLAVERDE,NGBE,2.1.9,,,9710
Lamadrid,43.415006,-3.526657,BÁRCENA DE CICERO,NGBE,2.1.6,,,9711
Lamadrid,43.354675,-4.364014,VALDÁLIGA,NGBE,2.1.4,https://pares.cultura.gob.es/catastro/servlets/ServletController?accion=4&opcionV=3&orden=0&loc=10680&pageNum=1,1749-1753,13563
Lamedo,43.108887,-4.495789,CABEZÓN DE LIÉBANA,NGBE,2.1.4,,,13564
Lamiña,43.233520,-4.281677,RUENTE,NGBE,2.1.9,,,9714
Lanchares,43.040528,-3.971619,CAMPOO DE YUSO,NGBE,2.1.4,,,13565
Landeral,43.335326,-3.331909,GURIEZO,NGBE,2.1.9,,,9717
Lanestosa,43.217952,-3.440003,Varios o fuera de Cantabria,Autonómico,2.1.4,,,118649
Langre,43.472898,-3.702693,RIBAMONTÁN AL MAR,NGBE,2.1.4,,,13566
Lantueno,43.049927,-4.082214,SANTIURDE DE REINOSA,NGBE,2.1.4,,,13567
Laredo,43.409846,-3.414340,LAREDO,NGBE,2.1.9,,,2698
Laredo,43.409846,-3.414340,LAREDO,NGBE,2.1.3,,,14220
Larteme,43.365655,-4.331334,VALDÁLIGA,NGBE,2.1.6,,,9726
Las Arenas,43.351985,-4.364717,VALDÁLIGA,NGBE,2.1.6,https://pares.cultura.gob.es/catastro/servlets/ServletController?accion=4&opcionV=3&orden=0&loc=12080&pageNum=1,1749-1753,2701
Las Bárcenas,43.278687,-4.427308,RIONANSA,NGBE,2.1.9,,,2704
Las Caldas de Besaya,43.298279,-4.072998,SAN FELICES DE BUELNA,NGBE,2.1.6,,,956
Las Caldas del Besaya,43.298523,-4.074707,CORRALES DE BUELNA (LOS),NGBE,2.1.9,,,4112
Las Calgueras,43.094648,-4.115464,SANTIURDE DE REINOSA,Autonómico,2.1.6,,,316333
Las Cárcobas,43.406676,-3.401834,LAREDO,NGBE,2.1.9,,,2713
Las Casas Nuevas,43.285018,-4.298578,VALDÁLIGA,NGBE,2.1.6,,,2715
Las Casillas,43.404297,-3.421200,LAREDO,NGBE,2.1.9,https://pares.cultura.gob.es/catastro/servlets/ServletController?mapas=0&accion=1&volver=0&txtBusqueda=Las%20Casillas&tipo=0&tipolocal=-1&provact=39&Buscar=Buscar,1749-1753,9802
Las Entradas,43.343269,-3.382790,AMPUERO,NGBE,2.1.9,,,473
Las Fraguas,43.195312,-4.054626,ARENAS DE IGUÑA,NGBE,2.1.4,,,13568
Las Garmillas,43.321907,-3.376110,AMPUERO,NGBE,2.1.9,,,2731
Las Henestrosas de las Quintanillas,42.875489,-4.205505,VALDEOLEA,NGBE,2.1.4,,,13569
Las Ilces,43.114929,-4.768798,CAMALEÑO,NGBE,2.1.9,,,9907
Las Pilas,43.423704,-3.639888,RIBAMONTÁN AL MONTE,NGBE,2.1.4,,,13570
Las Porquerizas,43.312525,-3.768470,LIÉRGANES,NGBE,2.1.6,,,2749
Las Presillas,43.325683,-3.980408,PUENTE VIESGO,NGBE,2.1.4,,,13571
Las Quintanillas,42.891109,-4.204831,VALDEOLEA,NGBE,2.1.4,,,13572
Las Rozas de Valdearroyo,42.973186,-4.029292,ROZAS DE VALDEARROYO (LAS),NGBE,2.1.4,,,13573
Las Rozas de Valdearroyo,42.973186,-4.029292,ROZAS DE VALDEARROYO (LAS),NGBE,2.1.3,,,14226
Lavín,43.185485,-3.559020,SOBA,NGBE,2.1.4,,,13575
Lebeña,43.214905,-4.585816,CILLORIGO DE LIÉBANA,NGBE,2.1.4,,,13576
Ledantes,43.070129,-4.691711,VEGA DE LIÉBANA,NGBE,2.1.4,,,13577
Lendagua,43.367126,-3.324706,GURIEZO,NGBE,2.1.9,,,10112
Lerones,43.096924,-4.560425,PESAGUERO,NGBE,2.1.4,,,13578
Liandres,43.390503,-4.251404,RUILOBA,NGBE,2.1.9,,,10116
Liaño,43.379881,-3.841797,VILLAESCUSA,NGBE,2.1.4,,,13579
Liencres,43.460693,-3.927186,PIÉLAGOS,NGBE,2.1.4,,,13580
Liérganes,43.344973,-3.745706,LIÉRGANES,NGBE,2.1.9,,,2766
Liérganes,43.344973,-3.745706,LIÉRGANES,NGBE,2.1.3,,,14236
Liermo,43.433286,-3.645503,RIBAMONTÁN AL MONTE,NGBE,2.1.4,,,13581
Limpias,43.361389,-3.426895,LIMPIAS,NGBE,2.1.9,,,2767
Limpias,43.361389,-3.426895,LIMPIAS,NGBE,2.1.3,,,14239
Linares,43.253156,-4.584666,PEÑARRUBIA,NGBE,2.1.9,https://pares.cultura.gob.es/catastro/servlets/ServletController?accion=4&opcionV=3&orden=0&loc=10796&pageNum=1,1749-1753,2768
Linares,43.253156,-4.584666,PEÑARRUBIA,NGBE,2.1.3,https://pares.cultura.gob.es/catastro/servlets/ServletController?accion=4&opcionV=3&orden=0&loc=10796&pageNum=1,1749-1753,14240
Linto,43.272094,-3.704710,MIERA,NGBE,2.1.9,,,10137
Llaguno,43.301879,-3.265382,GURIEZO,NGBE,2.1.9,,,2772
Llánez,43.367126,-3.512875,VOTO,NGBE,2.1.4,,,13582
Llano,43.105367,-3.895331,LUENA,NGBE,2.1.9,,,2776
Llano,42.988282,-3.986878,ROZAS DE VALDEARROYO (LAS),NGBE,2.1.9,,,10179
Llano,43.275085,-4.055603,SAN FELICES DE BUELNA,NGBE,2.1.4,,,13583
Llanos,43.324706,-3.798827,PENAGOS,NGBE,2.1.9,,,10196
Llatazos,43.393038,-3.365687,LIENDO,NGBE,2.1.9,,,2779
Llaves,43.135971,-4.730706,CAMALEÑO,NGBE,2.1.9,,,10206
Llayo,43.168468,-4.587901,CILLORIGO DE LIÉBANA,NGBE,2.1.9,,,10207
Llerana,43.261299,-3.808113,SARO,NGBE,2.1.4,,,13584
Lloreda,43.294127,-3.819274,SANTA MARÍA DE CAYÓN,NGBE,2.1.4,,,13585
Lloredo,43.353405,-4.162093,ALFOZ DE LLOREDO,NGBE,2.1.6,https://pares.cultura.gob.es/catastro/servlets/ServletController?mapas=0&accion=1&volver=0&txtBusqueda=Lloredo&tipo=0&tipolocal=-1&provact=39&Buscar=Buscar,1749-1753,10217
Lobao,43.253906,-4.082092,CORRALES DE BUELNA (LOS),NGBE,2.1.6,,,2783
Loma Somera,42.873108,-4.023621,VALDERREDIBLE,NGBE,2.1.4,,,13586
Lombera,43.318481,-3.404601,RASINES,NGBE,2.1.9,,,10257
Lombraña,43.100466,-4.414201,POLACIONES,NGBE,2.1.9,,,2785
Lombraña,43.100466,-4.414201,POLACIONES,NGBE,2.1.3,,,14248
Lomeña,43.087525,-4.567505,PESAGUERO,NGBE,2.1.4,,,13587
Lon,43.167298,-4.682617,CAMALEÑO,NGBE,2.1.4,,,13588
Loredo,43.461729,-3.718196,RIBAMONTÁN AL MAR,NGBE,2.1.4,,,13589
Los Carrascales,43.031550,-4.304952,HERMANDAD DE CAMPOO DE SUSO,Autonómico,2.1.6,,,316345
Los Casarejos,42.999803,-4.260762,HERMANDAD DE CAMPOO DE SUSO,Autonómico,2.1.6,,,316342
Los Corrales,43.290073,-4.311240,VALDÁLIGA,NGBE,2.1.6,,,2801
Los Corrales de Buelna,43.255591,-4.068402,CORRALES DE BUELNA (LOS),NGBE,2.1.9,,,2802
Los Corrales de Buelna,43.255591,-4.068402,CORRALES DE BUELNA (LOS),NGBE,2.1.3,,,14252
Los Hoyos,43.254699,-3.294008,VALLE DE VILLAVERDE,NGBE,2.1.9,,,2810
Los Llanos,43.137915,-4.712625,CAMALEÑO,NGBE,2.1.9,,,10455
Los Llares,43.184082,-4.104309,ARENAS DE IGUÑA,NGBE,2.1.9,,,10459
Los Pandos,43.103721,-3.908980,LUENA,NGBE,2.1.9,,,10499
Los Picayos,43.281678,-4.471680,RIONANSA,NGBE,2.1.9,,,2830
Los Prados,43.349669,-3.729185,LIÉRGANES,NGBE,2.1.6,,,2836
Los Pumares,43.254485,-4.516201,LAMASÓN,NGBE,2.1.9,https://pares.cultura.gob.es/catastro/servlets/ServletController?mapas=0&accion=1&volver=0&txtBusqueda=Los%20Pumares&tipo=0&tipolocal=-1&provact=39&Buscar=Buscar,1749-1753,2837
Los Pumares,43.273388,-3.719402,MIERA,NGBE,2.1.9,,,10540
Los Tojos,43.154114,-4.254211,TOJOS (LOS),NGBE,2.1.4,,,13591
Los Valles,43.251888,-3.480734,RAMALES DE LA VICTORIA,NGBE,2.1.6,,,10591
Losvia,43.360264,-4.367980,VALDÁLIGA,NGBE,2.1.6,https://pares.cultura.gob.es/catastro/servlets/ServletController?mapas=0&accion=1&volver=0&txtBusqueda=Losvia&tipo=0&tipolocal=-1&provact=39&Buscar=Buscar,1749-1753,4503
Luey,43.351075,-4.485413,VAL DE SAN VICENTE,NGBE,2.1.4,,,13592
Lugarejos,43.365722,-3.340209,GURIEZO,NGBE,2.1.9,,,10600
Luriezo,43.154297,-4.538697,CABEZÓN DE LIÉBANA,NGBE,2.1.4,,,13593
Lusa,43.352722,-3.205504,CASTRO-URDIALES,NGBE,2.1.4,,,13594
Luzmela,43.298543,-4.209200,MAZCUERRAS,NGBE,2.1.4,https://pares.cultura.gob.es/catastro/servlets/ServletController?mapas=0&accion=1&volver=0&txtBusqueda=Luzmela&tipo=0&tipolocal=-1&provact=39&Buscar=Buscar,1749-1753,13595
Luzmela,43.298543,-4.209200,MAZCUERRAS,NGBE,2.1.3,https://pares.cultura.gob.es/catastro/servlets/ServletController?mapas=0&accion=1&volver=0&txtBusqueda=Luzmela&tipo=0&tipolocal=-1&provact=39&Buscar=Buscar,1749-1753,14260
Madama,43.418203,-3.543043,BÁRCENA DE CICERO,NGBE,2.1.6,,,10601
Malataja,42.927044,-4.000174,VALDEPRADO DEL RÍO,NGBE,2.1.4,,,13662
Maliaño,43.418272,-3.840088,CAMARGO,NGBE,2.1.4,,,13597
Maliaño Alto,43.417906,-3.829589,CAMARGO,NGBE,2.1.6,,,2861
Maliaño Bajo,43.417906,-3.847290,CAMARGO,NGBE,2.1.6,,,2863
Maoño,43.417907,-3.914979,SANTA CRUZ DE BEZANA,NGBE,2.1.4,,,13598
Mar,43.400085,-4.008912,POLANCO,NGBE,2.1.9,,,10641
Maredes,43.134125,-4.661421,VEGA DE LIÉBANA,NGBE,2.1.6,,,2872
Maredes,43.134125,-4.661421,VEGA DE LIÉBANA,NGBE,2.1.5,,,13273
Marrón,43.348510,-3.434690,AMPUERO,NGBE,2.1.9,,,474
Mata,43.279165,-4.030560,SAN FELICES DE BUELNA,NGBE,2.1.9,,,10658
Mata de Hoz,42.933472,-4.219482,VALDEOLEA,NGBE,2.1.4,,,13599
Matamorosa,42.985541,-4.146609,CAMPOO DE ENMEDIO,NGBE,2.1.4,,,13600
Matamorosa,42.985541,-4.146609,CAMPOO DE ENMEDIO,NGBE,2.1.3,,,14267
Mataporquera,42.874840,-4.162154,VALDEOLEA,NGBE,2.1.4,,,13602
Mataporquera,42.874840,-4.162154,VALDEOLEA,NGBE,2.1.3,,,14268
Matarrepudio,42.895081,-4.147094,VALDEOLEA,NGBE,2.1.4,,,13604
Matienzo,43.314697,-3.584592,RUESGA,NGBE,2.1.4,,,13605
Mazandrero,43.003479,-4.271483,HERMANDAD DE CAMPOO DE SUSO,NGBE,2.1.4,,,13606
Mazuecas,43.411315,-3.486690,BÁRCENA DE CICERO,NGBE,2.1.6,,,2888
Meca,43.268310,-4.247375,RUENTE,NGBE,2.1.6,,,2890
Media Concha,43.103270,-4.074492,MOLLEDO,NGBE,2.1.6,,,10713
Mediadoro,42.907715,-4.007081,VALDEPRADO DEL RÍO,NGBE,2.1.9,,,10715
Mendina,43.383911,-3.367002,LIENDO,NGBE,2.1.9,,,2896
Mercadal,43.323730,-4.099976,CARTES,NGBE,2.1.9,,,10725
Merilla,43.252929,-3.730590,SAN ROQUE DE RIOMIERA,NGBE,2.1.9,https://pares.cultura.gob.es/catastro/servlets/ServletController?mapas=0&accion=1&volver=0&txtBusqueda=Merilla&tipo=0&tipolocal=-1&provact=39&Buscar=Buscar,1749-1753,2899
Merodio,43.319276,-4.540711,Varios o fuera de Cantabria,NGBE,2.1.5,,,188313
Miengo,43.427248,-3.993000,MIENGO,NGBE,2.1.4,,,13607
Miengo,43.427248,-3.993000,MIENGO,NGBE,2.1.3,,,14280
Mieses,43.151917,-4.640076,CAMALEÑO,NGBE,2.1.9,,,10795
Mijares,43.368530,-4.077698,SANTILLANA DEL MAR,NGBE,2.1.4,,,13609
Mijarojos,43.338371,-4.080699,Varios o fuera de Cantabria,NGBE,2.1.9,,,2907
Mioño,43.359924,-3.202391,CASTRO-URDIALES,NGBE,2.1.4,,,13610
Mirones,43.295287,-3.703612,MIERA,NGBE,2.1.9,,,10818
Mogro,43.437642,-3.969932,MIENGO,NGBE,2.1.4,,,13611
Mogrovejo,43.146484,-4.710083,CAMALEÑO,NGBE,2.1.4,,,13612
Mollaneda,43.397907,-3.365421,LIENDO,NGBE,2.1.9,,,10840
Molleda,43.366700,-4.518494,VAL DE SAN VICENTE,NGBE,2.1.9,,,10841
Molledo,43.149446,-4.042003,MOLLEDO,NGBE,2.1.4,,,13613
Molledo,43.149446,-4.042003,MOLLEDO,NGBE,2.1.3,,,14287
Mollinedo,43.223327,-3.267580,VALLE DE VILLAVERDE,NGBE,2.1.9,,,475
Mompía,43.440490,-3.919313,SANTA CRUZ DE BEZANA,NGBE,2.1.4,,,13615
Monasterio,43.259827,-4.264249,RUENTE,NGBE,2.1.6,,,2947
Moncalián,43.400878,-3.550106,BÁRCENA DE CICERO,NGBE,2.1.4,,,13616
Monegro,43.013337,-4.035675,CAMPOO DE YUSO,NGBE,2.1.4,,,13617
Montabliz,43.102478,-4.098083,BÁRCENA DE PIE DE CONCHA,NGBE,2.1.9,,,2948
Monte,43.474119,-3.829284,SANTANDER,NGBE,2.1.9,,,493
Monte,43.328673,-3.656614,RIOTUERTO,NGBE,2.1.9,,,2950
Montecillo,42.774903,-3.975588,VALDERREDIBLE,NGBE,2.1.4,,,13618
Montehano,43.429870,-3.489924,ESCALANTE,NGBE,2.1.9,,,2980
Montes Claros,42.931702,-4.050598,VALDEPRADO DEL RÍO,NGBE,2.1.6,,,10965
Morancas,43.029724,-4.121704,CAMPOO DE ENMEDIO,NGBE,2.1.4,,,13619
Mortera,43.444274,-3.923707,PIÉLAGOS,NGBE,2.1.4,,,13621
Mortesante,43.308288,-3.712095,MIERA,NGBE,2.1.9,,,2989
Movellán,43.320341,-4.345121,VALDÁLIGA,NGBE,2.1.6,,,10997
Muñorrodero,43.364075,-4.484375,VAL DE SAN VICENTE,NGBE,2.1.4,https://pares.cultura.gob.es/catastro/servlets/ServletController?mapas=0&accion=1&volver=0&txtBusqueda=Mu%C3%B1orrodero&tipo=0&tipolocal=-1&provact=39&Buscar=Buscar,1749-1753,13622
Muriedas,43.423457,-3.855337,CAMARGO,NGBE,2.1.4,,,13623
Muriedas,43.423457,-3.855337,CAMARGO,NGBE,2.1.3,,,14297
Naroba,43.121521,-4.629212,VEGA DE LIÉBANA,NGBE,2.1.6,,,3005
Nates,43.377502,-3.489194,VOTO,NGBE,2.1.4,,,13632
Navajeda,43.365477,-3.698789,ENTRAMBASAGUAS,NGBE,2.1.9,,,11011
Navamuel,42.841675,-4.081299,VALDERREDIBLE,NGBE,2.1.4,,,13633
Naveda,43.015686,-4.244994,HERMANDAD DE CAMPOO DE SUSO,NGBE,2.1.4,,,13634
Navedo,43.252076,-4.578614,PEÑARRUBIA,NGBE,2.1.9,https://pares.cultura.gob.es/catastro/servlets/ServletController?mapas=0&accion=1&volver=0&txtBusqueda=Navedo&tipo=0&tipolocal=-1&provact=39&Buscar=Buscar,1749-1753,11023
Nestares,42.998108,-4.154479,CAMPOO DE ENMEDIO,NGBE,2.1.4,,,13635
Nocina,43.378113,-3.318724,GURIEZO,NGBE,2.1.9,,,11030
Noja,43.479284,-3.520448,NOJA,NGBE,2.1.9,,,3015
Noja,43.479284,-3.520448,NOJA,NGBE,2.1.3,,,14306
Noval,43.438596,-3.526796,ESCALANTE,NGBE,2.1.9,,,3016
Noval,43.390930,-3.386472,LIENDO,NGBE,2.1.9,,,3017
Novales,43.378762,-4.181596,ALFOZ DE LLOREDO,NGBE,2.1.4,,,13636
Novales,43.378762,-4.181596,ALFOZ DE LLOREDO,NGBE,2.1.3,,,14307
Obargo,43.085694,-4.537415,PESAGUERO,NGBE,2.1.4,,,13638
Obeso,43.255310,-4.421509,RIONANSA,NGBE,2.1.4,,,13639
Obregón,43.344725,-3.866821,VILLAESCUSA,NGBE,2.1.4,,,13640
Ocejo,43.177917,-3.868286,LUENA,NGBE,2.1.9,,,11039
Ocieda,43.033408,-4.162379,HERMANDAD DE CAMPOO DE SUSO,Autonómico,2.1.6,,,316343
Ogarrio,43.287476,-3.539976,RUESGA,NGBE,2.1.4,,,13641
Ojébar,43.291636,-3.390183,RASINES,NGBE,2.1.9,,,11042
Ojedo,43.161072,-4.610901,CILLORIGO DE LIÉBANA,NGBE,2.1.9,,,11044
Olea,42.939831,-4.187711,VALDEOLEA,NGBE,2.1.4,,,13642
Omoño,43.427488,-3.657893,RIBAMONTÁN AL MONTE,NGBE,2.1.4,,,13643
Ongayo,43.092712,-4.694397,VEGA DE LIÉBANA,NGBE,2.1.6,,,11052
Ongayo,43.415935,-4.066164,SUANCES,NGBE,2.1.4,,,13644
Ontaneda,43.199707,-3.925598,CORVERA DE TORANZO,NGBE,2.1.4,,,13645
Ontón,43.351074,-3.171691,CASTRO-URDIALES,NGBE,2.1.4,,,13646
Ontoria,43.309875,-4.213379,CABEZÓN DE LA SAL,NGBE,2.1.4,,,13647
Orejo,43.403806,-3.737461,MARINA DE CUDEYO,NGBE,2.1.4,,,13648
Oreña,43.395918,-4.134485,ALFOZ DE LLOREDO,NGBE,2.1.4,,,13649
Oriñón,43.397278,-3.324216,CASTRO-URDIALES,NGBE,2.1.4,,,13650
Ormas,43.029907,-4.234923,HERMANDAD DE CAMPOO DE SUSO,NGBE,2.1.4,https://pares.cultura.gob.es/catastro/servlets/ServletController?accion=4&opcionV=3&orden=0&loc=14122&pageNum=1,1749-1753,13651
Oruña,43.401488,-3.950318,PIÉLAGOS,NGBE,2.1.4,,,13652
Orzales,43.007507,-4.064026,CAMPOO DE YUSO,NGBE,2.1.4,,,13653
Otañes,43.329284,-3.192505,CASTRO-URDIALES,NGBE,2.1.4,,,13654
Otero,43.307009,-4.481076,HERRERÍAS,NGBE,2.1.6,https://pares.cultura.gob.es/catastro/servlets/ServletController?accion=4&opcionV=3&orden=0&loc=14118&pageNum=1,1749-1753,11079
Otero,42.828309,-4.030030,VALDERREDIBLE,NGBE,2.1.4,,,13656
Paderne,43.414916,-3.490718,BÁRCENA DE CICERO,NGBE,2.1.6,,,3033
Padiérniga,43.352294,-3.466794,VOTO,NGBE,2.1.4,,,13657
Padruno,43.393512,-4.155894,ALFOZ DE LLOREDO,NGBE,2.1.6,https://pares.cultura.gob.es/catastro/servlets/ServletController?mapas=0&accion=1&volver=0&txtBusqueda=Padruno&tipo=0&tipolocal=-1&provact=39&Buscar=Buscar,1749-1753,480
Palacio,43.258189,-3.267114,VALLE DE VILLAVERDE,NGBE,2.1.9,,,494
Palacio,43.409086,-3.512664,BÁRCENA DE CICERO,NGBE,2.1.6,,,3042
Palacio,43.189697,-4.067688,ARENAS DE IGUÑA,NGBE,2.1.9,,,11092
Pámanes,43.354937,-3.776833,LIÉRGANES,NGBE,2.1.4,,,13658
Pandillo,43.067505,-3.849610,LUENA,NGBE,2.1.6,,,3037
Pandillo,43.146122,-3.722741,VEGA DE PAS,NGBE,2.1.9,,,11114
Pando,43.378723,-4.261719,RUILOBA,NGBE,2.1.9,,,11124
Pando,43.136291,-4.025208,MOLLEDO,NGBE,2.1.6,,,11125
Pando,43.279906,-3.931214,SANTIURDE DE TORANZO,NGBE,2.1.9,,,11126
Pandoto,43.120300,-3.885682,LUENA,NGBE,2.1.9,,,11130
Paracuelles,43.018677,-4.214599,HERMANDAD DE CAMPOO DE SUSO,NGBE,2.1.4,,,13659
Parbayón,43.374693,-3.890076,PIÉLAGOS,NGBE,2.1.4,,,13660
Pechón,43.390504,-4.489014,VAL DE SAN VICENTE,NGBE,2.1.4,,,13663
Pedredo,43.194885,-4.066284,ARENAS DE IGUÑA,NGBE,2.1.9,,,11159
Pedreña,43.443113,-3.767514,MARINA DE CUDEYO,NGBE,2.1.4,,,13664
Pedreo,43.253479,-4.416809,RIONANSA,NGBE,2.1.9,,,11162
Pedroso,43.227905,-3.842407,VILLACARRIEDO,NGBE,2.1.4,,,13665
Pego,43.389929,-3.660395,RIBAMONTÁN AL MONTE,Autonómico,2.1.6,,,86236
Pejanda,43.107117,-4.429809,POLACIONES,NGBE,2.1.9,https://pares.cultura.gob.es/catastro/servlets/ServletController?mapas=0&accion=1&volver=0&txtBusqueda=Pejanda&tipo=0&tipolocal=-1&provact=39&Buscar=Buscar,1749-1753,11175
Pembes,43.129517,-4.746520,CAMALEÑO,NGBE,2.1.4,,,13666
Peñacastillo,43.448119,-3.863892,SANTANDER,NGBE,2.1.9,,,11341
Penagos,43.340132,-3.818780,PENAGOS,NGBE,2.1.4,,,13667
Penagos,43.340132,-3.818780,PENAGOS,NGBE,2.1.3,,,14339
Pendes,43.202088,-4.610291,CILLORIGO DE LIÉBANA,NGBE,2.1.4,,,13669
Pendón,43.416075,-3.542903,BÁRCENA DE CICERO,NGBE,2.1.6,,,3077
Penías,43.254516,-4.057678,CORRALES DE BUELNA (LOS),NGBE,2.1.6,,,11179
Penilla,43.060486,-3.867310,LUENA,NGBE,2.1.9,,,11181
Penilla,43.285888,-3.946228,SANTIURDE DE TORANZO,NGBE,2.1.4,,,13670
Penilla,43.258910,-3.863403,VILLAFUFRE,NGBE,2.1.4,,,14342
Perelada,43.393507,-4.151073,ALFOZ DE LLOREDO,NGBE,2.1.6,https://pares.cultura.gob.es/catastro/servlets/ServletController?mapas=0&accion=1&volver=0&txtBusqueda=Perelada&tipo=0&tipolocal=-1&provact=39&Buscar=Buscar,1749-1753,3148
Periedo,43.328308,-4.183227,CABEZÓN DE LA SAL,NGBE,2.1.9,,,11394
Perrozo,43.117827,-4.550800,CABEZÓN DE LIÉBANA,NGBE,2.1.4,,,13671
Pesaguero,43.077018,-4.538930,PESAGUERO,NGBE,2.1.4,,,13672
Pesaguero,43.077018,-4.538930,PESAGUERO,NGBE,2.1.3,,,14355
Pesquera,43.082172,-4.080468,PESQUERA,NGBE,2.1.9,,,3151
Pesquera,43.082172,-4.080468,PESQUERA,NGBE,2.1.3,,,14357
Pesués,43.374651,-4.487797,VAL DE SAN VICENTE,NGBE,2.1.3,,,13299
Pesués,43.374651,-4.487797,VAL DE SAN VICENTE,NGBE,2.1.4,,,13674
Piasca,43.119507,-4.580811,CABEZÓN DE LIÉBANA,NGBE,2.1.4,,,13676
Pido,43.127319,-4.796203,CAMALEÑO,NGBE,2.1.9,,,11533
Pie de Concha,43.123291,-4.064697,BÁRCENA DE PIE DE CONCHA,NGBE,2.1.4,,,13677
Piedrahíta,43.458495,-3.485101,Varios o fuera de Cantabria,NGBE,2.1.9,,,3205
Pieragullano,43.350557,-3.429851,AMPUERO,NGBE,2.1.9,,,11552
Pilas,43.184875,-3.487974,SOBA,NGBE,2.1.4,,,13679
Piñeres,43.243531,-4.560609,PEÑARRUBIA,NGBE,2.1.9,https://pares.cultura.gob.es/catastro/servlets/ServletController?mapas=0&accion=1&volver=0&txtBusqueda=Pi%C3%B1eres&tipo=0&tipolocal=-1&provact=39&Buscar=Buscar,1749-1753,11560
Pisueña,43.190918,-3.763488,SELAYA,NGBE,2.1.9,,,11569
Población de Abajo,42.842103,-3.927004,VALDERREDIBLE,NGBE,2.1.4,,,13680
Población de Arriba,42.872926,-3.945314,VALDERREDIBLE,NGBE,2.1.4,,,13681
Polanco,43.384595,-4.018353,POLANCO,NGBE,2.1.9,,,3219
Polanco,43.384595,-4.018353,POLANCO,NGBE,2.1.3,,,14370
Polientes,42.805599,-3.940625,VALDERREDIBLE,NGBE,2.1.4,,,13682
Polientes,42.805600,-3.940626,VALDERREDIBLE,NGBE,2.1.3,,,14371
Pollayo,43.088074,-4.663025,VEGA DE LIÉBANA,NGBE,2.1.4,,,13684
Pomaluengo,43.309508,-3.929505,CASTAÑEDA,NGBE,2.1.9,,,3231
Pomaluengo,43.309508,-3.929505,CASTAÑEDA,NGBE,2.1.3,,,14373
Pomar,43.362671,-3.313476,GURIEZO,NGBE,2.1.9,,,11617
Pomares,43.405583,-3.494533,BÁRCENA DE CICERO,NGBE,2.1.6,,,3232
Pondra,43.266113,-3.422728,RAMALES DE LA VICTORIA,NGBE,2.1.6,,,11618
Pontejos,43.407713,-3.799986,MARINA DE CUDEYO,NGBE,2.1.4,,,13685
Pontones,43.421079,-3.683773,RIBAMONTÁN AL MONTE,NGBE,2.1.4,,,13686
Portillo,43.349122,-4.440613,VAL DE SAN VICENTE,NGBE,2.1.9,https://pares.cultura.gob.es/catastro/servlets/ServletController?accion=4&opcionV=3&orden=0&loc=12051&pageNum=1,1749-1753,11640
Posadillo,43.373718,-4.018982,POLANCO,NGBE,2.1.9,,,11659
Posajo Penías,43.259223,-4.055245,SAN FELICES DE BUELNA,NGBE,2.1.9,,,3249
Potes,43.154698,-4.621462,POTES,NGBE,2.1.9,,,3250
Potes,43.154698,-4.621462,POTES,NGBE,2.1.3,,,14378
Pozales,43.098792,-4.117857,SANTIURDE DE REINOSA,Autonómico,2.1.6,,,316332
Pozancos,43.028724,-4.179707,HERMANDAD DE CAMPOO DE SUSO,Autonómico,2.1.6,,,316338
Prases,43.246276,-3.946289,CORVERA DE TORANZO,NGBE,2.1.4,,,13687
Praves,43.412474,-3.600581,HAZAS DE CESTO,NGBE,2.1.4,,,13688
Prellezo,43.386292,-4.448914,VAL DE SAN VICENTE,NGBE,2.1.4,,,13689
Prezanes,43.453490,-3.909791,SANTA CRUZ DE BEZANA,NGBE,2.1.4,,,13690
Primosto,43.388305,-3.471920,BÁRCENA DE CICERO,NGBE,2.1.6,,,3269
Prío,43.365296,-4.497193,VAL DE SAN VICENTE,NGBE,2.1.4,,,13691
Proaño,43.029907,-4.251708,HERMANDAD DE CAMPOO DE SUSO,NGBE,2.1.4,,,13692
Puente Agüero,43.405271,-3.716793,ENTRAMBASAGUAS,NGBE,2.1.9,,,3284
Puente el Arrudo,43.307122,-4.471322,HERRERÍAS,NGBE,2.1.9,,,3355
Puente el Arrudo,43.307122,-4.471322,HERRERÍAS,NGBE,2.1.3,,,14384
Puente Pumar,43.109497,-4.404907,POLACIONES,NGBE,2.1.4,,,13693
Puente San Miguel,43.359664,-4.087224,REOCÍN,NGBE,2.1.4,,,13694
Puente San Miguel,43.359664,-4.087224,REOCÍN,NGBE,2.1.3,,,14386
Puente Viesgo,43.298938,-3.964149,PUENTE VIESGO,NGBE,2.1.4,,,13696
Puente Viesgo,43.298938,-3.964149,PUENTE VIESGO,NGBE,2.1.3,,,14388
Puente-Avíos,43.406677,-4.075806,SUANCES,NGBE,2.1.4,,,13698
Puentenansa,43.255522,-4.405978,RIONANSA,NGBE,2.1.9,,,3390
Puentenansa,43.255522,-4.405978,RIONANSA,NGBE,2.1.3,,,14389
Pujayo,43.125305,-4.085998,BÁRCENA DE PIE DE CONCHA,NGBE,2.1.4,,,13700
Pumalverde,43.335289,-4.253290,UDÍAS,NGBE,2.1.9,,,3406
Pumalverde,43.335289,-4.253290,UDÍAS,NGBE,2.1.3,,,14391
Pumareña,43.183507,-4.582111,CILLORIGO DE LIÉBANA,NGBE,2.1.9,,,11840
Queveda,43.379516,-4.070313,SANTILLANA DEL MAR,NGBE,2.1.4,,,13701
Quijano,43.369689,-3.956605,PIÉLAGOS,NGBE,2.1.4,,,13702
Quijas,43.349915,-4.132812,REOCÍN,NGBE,2.1.4,,,13703
Quintana,43.110498,-4.726248,CAMALEÑO,NGBE,2.1.6,,,3425
Quintana,43.154564,-4.680648,CAMALEÑO,NGBE,2.1.9,,,3430
Quintana,43.014099,-4.047485,CAMPOO DE YUSO,NGBE,2.1.9,,,11928
Quintana,43.182678,-3.568907,SOBA,NGBE,2.1.4,,,13704
Quintana,42.964801,-4.182901,HERMANDAD DE CAMPOO DE SUSO,Autonómico,2.1.6,,,298995
Quintana de Toranzo,43.234314,-3.982605,CORVERA DE TORANZO,NGBE,2.1.4,,,13705
Quintanamanil,43.015076,-3.993714,CAMPOO DE YUSO,NGBE,2.1.4,,,13706
Quintanas Olmo,42.830638,-3.988189,VALDERREDIBLE,NGBE,2.1.9,,,4200
Quintanilla,43.251526,-4.475281,LAMASÓN,NGBE,2.1.9,,,11932
Quintanilla,42.979709,-4.110263,CAMPOO DE ENMEDIO,NGBE,2.1.6,,,14710
Quintanilla de An,42.797486,-3.974184,VALDERREDIBLE,NGBE,2.1.4,,,13707
Quintanilla de Rucandio,42.920561,-3.862028,VALDERREDIBLE,NGBE,2.1.4,,,13708
Rábago,43.304322,-4.453614,HERRERÍAS,NGBE,2.1.4,,,13709
Rada,43.366882,-3.491208,VOTO,NGBE,2.1.4,,,13710
Radillo,43.345485,-4.358029,VALDÁLIGA,NGBE,2.1.6,https://pares.cultura.gob.es/catastro/servlets/ServletController?mapas=0&accion=1&volver=0&txtBusqueda=Radillo&tipo=0&tipolocal=-1&provact=39&Buscar=Buscar,1749-1753,3434
Ramales de la Victoria,43.256546,-3.464443,RAMALES DE LA VICTORIA,NGBE,2.1.9,,,3435
Ramales de la Victoria,43.256546,-3.464443,RAMALES DE LA VICTORIA,NGBE,2.1.3,,,14404
Ranero,43.356506,-3.296203,GURIEZO,NGBE,2.1.9,,,3437
Rascón,43.332275,-3.390014,AMPUERO,NGBE,2.1.9,,,11947
Rases,43.164307,-4.621094,POTES,NGBE,2.1.9,,,3441
Rasgada,42.837525,-4.051209,VALDERREDIBLE,NGBE,2.1.9,,,11948
Rasillo,43.252502,-3.890686,VILLAFUFRE,NGBE,2.1.4,,,14405
Rasines,43.304644,-3.429124,RASINES,NGBE,2.1.9,,,3442
Rasines,43.304644,-3.429124,RASINES,NGBE,2.1.3,,,14408
Rebollar de Ebro,42.793702,-3.955080,VALDERREDIBLE,NGBE,2.1.4,,,13711
Rebolledo,42.893921,-4.158508,VALDEOLEA,NGBE,2.1.9,,,11954
Redo,43.151489,-4.708313,CAMALEÑO,NGBE,2.1.9,,,11967
Regada,43.324716,-3.366894,AMPUERO,NGBE,2.1.9,,,3452
Regolfo,43.358384,-3.587980,SOLÓRZANO,NGBE,2.1.9,,,12012
Regulanes,43.000764,-4.247439,HERMANDAD DE CAMPOO DE SUSO,Autonómico,2.1.6,,,316344
Regules,43.202697,-3.503477,SOBA,NGBE,2.1.4,,,13712
Rehoyos,43.177917,-3.496519,SOBA,NGBE,2.1.4,,,13713
Reinosa,43.001194,-4.137791,REINOSA,NGBE,2.1.9,,,3467
Reinosa,43.001194,-4.137791,REINOSA,NGBE,2.1.3,,,14413
Reinosilla,42.918141,-4.203478,VALDEOLEA,NGBE,2.1.4,,,13714
Renedo,43.203491,-4.302490,CABUÉRNIGA,NGBE,2.1.9,,,3468
Renedo,43.356114,-3.956450,PIÉLAGOS,NGBE,2.1.9,,,3469
Renedo,43.356114,-3.956450,PIÉLAGOS,NGBE,2.1.4,,,13715
Renedo,42.975708,-4.003113,ROZAS DE VALDEARROYO (LAS),NGBE,2.1.4,,,13716
Renedo,43.203491,-4.302490,CABUÉRNIGA,NGBE,2.1.4,,,13717
Renedo,43.356114,-3.956450,PIÉLAGOS,NGBE,2.1.3,,,14415
Renedo de Bricia,42.922863,-3.840441,VALDERREDIBLE,NGBE,2.1.4,,,13719
Reocín,43.343201,-4.094462,REOCÍN,NGBE,2.1.4,,,13720
Reocín de los Molinos,42.861695,-4.053894,VALDEPRADO DEL RÍO,NGBE,2.1.4,,,13721
Repudio,42.845094,-3.892885,VALDERREDIBLE,NGBE,2.1.4,,,13722
Requejada,43.387878,-4.029786,POLANCO,NGBE,2.1.9,,,12031
Requejo,43.320679,-4.310181,VALDÁLIGA,NGBE,2.1.6,,,12033
Requejo,43.003479,-4.117797,CAMPOO DE ENMEDIO,NGBE,2.1.4,,,13723
Resconorio,43.070679,-3.861085,LUENA,NGBE,2.1.4,,,13724
Retortillo,42.984131,-4.114990,CAMPOO DE ENMEDIO,NGBE,2.1.4,,,13725
Retuerta,43.163879,-3.896302,LUENA,NGBE,2.1.9,,,3474
Revelillas,42.777762,-4.077022,VALDERREDIBLE,NGBE,2.1.4,,,13726
Revilla,43.406309,-3.865784,CAMARGO,NGBE,2.1.9,,,12042
Revilla,43.353881,-3.325012,GURIEZO,NGBE,2.1.4,,,13727
Revilla,43.345564,-3.693758,RIOTUERTO,Autonómico,2.1.6,,,171916
Riancho,43.267700,-3.432493,RAMALES DE LA VICTORIA,NGBE,2.1.6,,,12060
Riaño,43.352163,-3.601769,SOLÓRZANO,NGBE,2.1.4,,,13729
Riaño,43.307454,-3.909072,SANTA MARÍA DE CAYÓN,Autonómico,2.1.6,,,164299
Riaño de Ibio,43.316711,-4.177978,MAZCUERRAS,NGBE,2.1.9,,,12066
Riba,43.281509,-3.563614,RUESGA,NGBE,2.1.4,,,13731
Riba,43.281509,-3.563614,RUESGA,NGBE,2.1.3,,,14427
Riclones,43.283509,-4.458008,RIONANSA,NGBE,2.1.9,,,12074
Rinconeda,43.376264,-4.030468,POLANCO,NGBE,2.1.9,,,3488
Río,43.244507,-4.488221,LAMASÓN,NGBE,2.1.9,https://pares.cultura.gob.es/catastro/servlets/ServletController?mapas=0&accion=1&volver=0&txtBusqueda=R%C3%ADo&tipo=0&tipolocal=-1&provact=39&Buscar=Buscar,1749-1753,12158
Riocorvo,43.310730,-4.071594,CARTES,NGBE,2.1.9,,,12287
Riolastras,43.381530,-3.548092,Varios o fuera de Cantabria,NGBE,2.1.9,,,3503
Rionegro,43.429503,-3.521296,ESCALANTE,NGBE,2.1.9,,,3504
Riopanero,42.870118,-3.917604,VALDERREDIBLE,NGBE,2.1.4,,,13733
Rioseco,43.252686,-4.410584,RIONANSA,NGBE,2.1.9,,,12291
Rioseco,43.364074,-3.317687,GURIEZO,NGBE,2.1.9,,,12292
Rioseco,43.079101,-4.093994,SANTIURDE DE REINOSA,NGBE,2.1.4,,,13734
Rioturbio,43.363098,-4.315613,COMILLAS,NGBE,2.1.9,,,12293
Rivapluma,43.414053,-3.485278,BÁRCENA DE CICERO,NGBE,2.1.6,,,366
Rivero,43.274786,-4.049944,SAN FELICES DE BUELNA,NGBE,2.1.9,,,3508
Rivero,43.274786,-4.049944,SAN FELICES DE BUELNA,NGBE,2.1.3,,,14435
Rocamundo,42.793885,-3.931216,VALDERREDIBLE,NGBE,2.1.4,,,13735
Rocías,43.264870,-3.591124,ARREDONDO,NGBE,2.1.9,,,3514
Rocillo,43.335082,-3.419493,AMPUERO,NGBE,2.1.9,,,3515
Rocillo,43.315490,-3.427977,RASINES,NGBE,2.1.9,,,3516
Rocillo,43.384595,-3.370111,LIENDO,NGBE,2.1.9,,,3517
Rodezas,43.343872,-4.239990,UDÍAS,NGBE,2.1.9,,,12317
Roiz,43.329141,-4.350287,VALDÁLIGA,NGBE,2.1.4,,,13736
Roiz,43.329141,-4.350287,VALDÁLIGA,NGBE,2.1.3,,,14437
Roza,43.255311,-4.564210,PEÑARRUBIA,NGBE,2.1.9,https://pares.cultura.gob.es/catastro/servlets/ServletController?mapas=0&accion=1&volver=0&txtBusqueda=Roza&tipo=0&tipolocal=-1&provact=39&Buscar=Buscar,1749-1753,12348
Rozadío,43.223328,-4.386597,RIONANSA,NGBE,2.1.9,,,4222
Rozas,43.216308,-3.490110,SOBA,NGBE,2.1.4,,,13738
Rozas,43.217988,-4.205914,RUENTE,Autonómico,2.1.6,,,316335
Ruanales,42.897096,-3.913210,VALDERREDIBLE,NGBE,2.1.4,,,13739
Rubalcaba,43.324889,-3.743101,LIÉRGANES,NGBE,2.1.6,,,12359
Rubárcena,43.382324,-4.304016,COMILLAS,NGBE,2.1.9,,,4510
Rubayo,43.418688,-3.757229,MARINA DE CUDEYO,NGBE,2.1.4,,,13740
Rubayo,43.418688,-3.757229,MARINA DE CUDEYO,NGBE,2.1.3,,,14441
Rucandio,43.342528,-3.721189,RIOTUERTO,NGBE,2.1.9,,,12367
Rucandio de Bricia,42.907471,-3.867982,VALDERREDIBLE,NGBE,2.1.4,,,13742
Rudagüera,43.360901,-4.150513,ALFOZ DE LLOREDO,NGBE,2.1.4,,,13743
Rueda,43.404113,-3.480709,BÁRCENA DE CICERO,NGBE,2.1.6,,,3531
Ruente,43.259152,-4.267401,RUENTE,NGBE,2.1.9,,,3532
Ruente,43.259152,-4.267401,RUENTE,NGBE,2.1.3,,,14443
Ruerrero,42.832093,-3.904299,VALDERREDIBLE,NGBE,2.1.4,,,13744
Ruijas,42.820497,-3.918215,VALDERREDIBLE,NGBE,2.1.4,,,13745
Ruilobuca,43.374695,-4.257690,RUILOBA,NGBE,2.1.9,,,12377
Rumoroso,43.386474,-3.997010,POLANCO,NGBE,2.1.9,,,12383
Saja,43.144607,-4.286886,TOJOS (LOS),NGBE,2.1.4,,,13749
Salarzón,43.187723,-4.571528,CILLORIGO DE LIÉBANA,NGBE,2.1.9,,,12402
Salceda,43.079895,-4.458313,POLACIONES,NGBE,2.1.4,,,13750
Salcedo,42.828492,-3.949526,VALDERREDIBLE,NGBE,2.1.4,,,13751
Salces,43.006897,-4.168823,HERMANDAD DE CAMPOO DE SUSO,NGBE,2.1.4,,,13752
Salto del Oso,43.250475,-3.460552,RAMALES DE LA VICTORIA,NGBE,2.1.6,,,3537
Sámano,43.358703,-3.229003,CASTRO-URDIALES,NGBE,2.1.4,,,13753
San Andrés,43.421325,-3.538874,BÁRCENA DE CICERO,NGBE,2.1.6,,,3540
San Andrés,43.117920,-4.536621,CABEZÓN DE LIÉBANA,NGBE,2.1.9,,,3541
San Andrés,42.804321,-4.157897,VALDERREDIBLE,NGBE,2.1.4,,,13754
San Andrés,43.117920,-4.536621,CABEZÓN DE LIÉBANA,NGBE,2.1.4,,,13755
San Andrés,42.912524,-4.084700,VALDEPRADO DEL RÍO,NGBE,2.1.4,,,13756
San Andrés de Luena,43.110108,-3.900391,LUENA,NGBE,2.1.6,,,3539
San Andrés de Luena,43.110108,-3.900391,LUENA,NGBE,2.1.4,,,13758
San Andrés de Valdelomar,42.804321,-4.157897,VALDERREDIBLE,NGBE,2.1.9,,,12433
San Antonio,43.453248,-3.629299,BAREYO,Autonómico,2.1.6,,,134434
San Bartolomé de los Montes,43.323730,-3.485777,VOTO,NGBE,2.1.4,,,13759
San Bartolomé de Meruelo,43.435728,-3.597101,MERUELO,NGBE,2.1.9,,,12435
San Cristóbal,43.192322,-4.077209,ARENAS DE IGUÑA,NGBE,2.1.4,,,13760
San Cristóbal,42.830872,-4.123901,VALDERREDIBLE,NGBE,2.1.4,,,13761
San Esteban,43.372085,-4.124120,REOCÍN,NGBE,2.1.6,,,12436
San Esteban,43.372085,-4.124120,REOCÍN,NGBE,2.1.4,,,13762
San Juan,43.215271,-3.461972,SOBA,NGBE,2.1.4,,,13764
San Juan de Raicedo,43.190918,-4.044678,ARENAS DE IGUÑA,NGBE,2.1.4,,,13765
San Mamés,43.113281,-4.435730,POLACIONES,NGBE,2.1.4,,,13766
San Mamés de Aras,43.357482,-3.508725,VOTO,NGBE,2.1.4,,,13767
San Mamés de Meruelo,43.445921,-3.565180,MERUELO,NGBE,2.1.9,,,12449
San Martín,43.197509,-3.555174,SOBA,NGBE,2.1.4,,,13769
San Martín,43.259283,-3.877636,VILLAFUFRE,NGBE,2.1.3,,,14464
San Martín de Elines,42.831300,-3.862612,VALDERREDIBLE,NGBE,2.1.4,,,13773
San Martín de Hoyos,42.931904,-4.153777,VALDEOLEA,NGBE,2.1.4,,,13774
San Martín de Quevedo,43.135315,-4.040527,MOLLEDO,NGBE,2.1.6,,,3557
San Martín de Quevedo,43.135315,-4.040527,MOLLEDO,NGBE,2.1.4,,,13772
San Martín de Toranzo,43.220092,-3.931519,SANTIURDE DE TORANZO,NGBE,2.1.4,,,13775
San Martín de Valdelomar,42.796692,-4.146606,VALDERREDIBLE,NGBE,2.1.4,,,13776
San Mateo,43.271911,-4.078796,CORRALES DE BUELNA (LOS),NGBE,2.1.9,,,12458
San Miguel,43.306091,-4.106079,CARTES,NGBE,2.1.9,https://pares.cultura.gob.es/catastro/servlets/ServletController?mapas=0&accion=1&volver=0&txtBusqueda=San%20Miguel&tipo=0&tipolocal=-1&provact=39&Buscar=Buscar,1749-1753,12462
San Miguel de Aguayo,43.056492,-4.024847,SAN MIGUEL DE AGUAYO,NGBE,2.1.4,,,13777
San Miguel de Aguayo,43.056492,-4.024847,SAN MIGUEL DE AGUAYO,NGBE,2.1.3,,,14470
San Miguel de Aras,43.328125,-3.507627,VOTO,NGBE,2.1.4,,,13779
San Miguel de Luena,43.094300,-3.902222,LUENA,NGBE,2.1.4,,,13780
San Miguel de Luena,43.094300,-3.902222,LUENA,NGBE,2.1.3,,,14472
San Miguel de Meruelo,43.455519,-3.575297,MERUELO,NGBE,2.1.9,,,3563
San Miguel de Meruelo,43.455519,-3.575297,MERUELO,NGBE,2.1.3,,,14473
San Pantaleón de Aras,43.344482,-3.496274,VOTO,NGBE,2.1.4,,,13782
San Pedro,43.180481,-4.566895,CILLORIGO DE LIÉBANA,NGBE,2.1.9,,,12468
San Pedro,43.218689,-3.529295,SOBA,NGBE,2.1.4,,,13783
San Pedro de las Baheras,43.352722,-4.527702,VAL DE SAN VICENTE,NGBE,2.1.4,,,13784
San Pedro de Rudagüera,43.360901,-4.150513,ALFOZ DE LLOREDO,NGBE,2.1.6,,,343
San Pedro del Romeral,43.115549,-3.818827,SAN PEDRO DEL ROMERAL,NGBE,2.1.9,,,3571
San Pedro del Romeral,43.115549,-3.818827,SAN PEDRO DEL ROMERAL,NGBE,2.1.3,,,14478
San Pelayo,43.404113,-3.490902,BÁRCENA DE CICERO,NGBE,2.1.6,,,3574
San Pelayo,43.156128,-4.684021,CAMALEÑO,NGBE,2.1.9,,,12469
San Román,43.304686,-3.911682,SANTA MARÍA DE CAYÓN,NGBE,2.1.9,,,12473
San Román,43.470092,-3.858399,SANTANDER,NGBE,2.1.4,,,13785
San Roque,43.396334,-4.148758,ALFOZ DE LLOREDO,NGBE,2.1.6,https://pares.cultura.gob.es/catastro/servlets/ServletController?accion=4&opcionV=3&orden=0&loc=11580&pageNum=1,1749-1753,12476
San Roque de Riomiera,43.234889,-3.702134,SAN ROQUE DE RIOMIERA,NGBE,2.1.3,,,14481
San Salvador,43.355462,-4.372094,VALDÁLIGA,NGBE,2.1.6,https://pares.cultura.gob.es/catastro/servlets/ServletController?accion=4&opcionV=3&orden=0&loc=10767&pageNum=1,1749-1753,12478
San Salvador,43.393126,-3.801390,MEDIO CUDEYO,NGBE,2.1.4,,,13786
San Sebastián,43.177674,-4.598877,CILLORIGO DE LIÉBANA,NGBE,2.1.5,,,3582
San Sebastián,43.177674,-4.598877,CILLORIGO DE LIÉBANA,NGBE,2.1.4,,,13787
San Sebastián de Garabandal,43.200928,-4.423401,RIONANSA,NGBE,2.1.4,,,13789
San Vicente de la Barquera,43.384391,-4.401847,SAN VICENTE DE LA BARQUERA,NGBE,2.1.9,,,3584
San Vicente de la Barquera,43.384391,-4.401847,SAN VICENTE DE LA BARQUERA,NGBE,2.1.3,,,14485
San Vicente de León,43.178528,-4.093811,ARENAS DE IGUÑA,NGBE,2.1.4,,,13790
San Vicente de Toranzo,43.212626,-3.939233,CORVERA DE TORANZO,NGBE,2.1.4,,,13791
San Vicente de Toranzo,43.212626,-3.939233,CORVERA DE TORANZO,NGBE,2.1.3,,,14486
San Vicente del Monte,43.287109,-4.305786,VALDÁLIGA,NGBE,2.1.4,,,13793
San Vitores,43.366514,-3.763426,MEDIO CUDEYO,NGBE,2.1.9,,,4225
San Vitores,42.878479,-4.100891,VALDEPRADO DEL RÍO,NGBE,2.1.4,,,13794
Sancibrián,43.460876,-3.887025,SANTA CRUZ DE BEZANA,NGBE,2.1.4,,,13795
Sangas,43.169677,-3.512205,SOBA,NGBE,2.1.4,,,13796
Santa Águeda,43.200500,-4.036987,ARENAS DE IGUÑA,NGBE,2.1.4,,,13797
Santa Ana,43.370483,-4.333313,VALDÁLIGA,NGBE,2.1.6,https://pares.cultura.gob.es/catastro/servlets/ServletController?mapas=0&accion=1&volver=0&txtBusqueda=Santa%20Ana&tipo=0&tipolocal=-1&provact=39&Buscar=Buscar,1749-1753,12498
Santa Cruz,43.166408,-4.042199,MOLLEDO,NGBE,2.1.9,,,3592
Santa Cruz,43.371887,-3.328307,GURIEZO,NGBE,2.1.9,,,12503
Santa Cruz,43.166408,-4.042199,MOLLEDO,NGBE,2.1.6,,,12504
Santa Cruz,43.299682,-3.407286,RASINES,NGBE,2.1.4,,,13799
Santa Cruz de Bezana,43.440467,-3.904860,SANTA CRUZ DE BEZANA,NGBE,2.1.9,,,3593
Santa Cruz de Bezana,43.440467,-3.904860,SANTA CRUZ DE BEZANA,NGBE,2.1.3,,,14493
Santa Eulalia,43.088928,-4.444275,POLACIONES,NGBE,2.1.4,,,13800
Santa María de Aguayo,43.070679,-4.037109,SAN MIGUEL DE AGUAYO,NGBE,2.1.4,,,13803
Santa María de Cayón,43.309709,-3.853084,SANTA MARÍA DE CAYÓN,NGBE,2.1.4,,,13801
Santa María de Cayón,43.309709,-3.853084,SANTA MARÍA DE CAYÓN,NGBE,2.1.3,,,14497
Santa María de Hito,42.844061,-3.876549,VALDERREDIBLE,NGBE,2.1.4,,,13804
Santa María de Valverde,42.795045,-4.139784,VALDERREDIBLE,NGBE,2.1.4,,,13805
Santa Marina,43.155614,-4.024238,MOLLEDO,NGBE,2.1.6,,,12515
Santa Marina,43.379088,-3.707700,ENTRAMBASAGUAS,NGBE,2.1.9,,,12516
Santa Olalla,43.136902,-4.047607,MOLLEDO,NGBE,2.1.9,,,3596
Santa Olalla,43.136902,-4.047607,MOLLEDO,NGBE,2.1.4,,,13806
Santa Olalla,42.933088,-4.201592,VALDEOLEA,NGBE,2.1.4,,,13807
Santa Olalla de Aguayo,43.070129,-4.031677,SAN MIGUEL DE AGUAYO,NGBE,2.1.4,,,13808
Santander,43.462355,-3.810008,SANTANDER,NGBE,2.1.9,,,3598
Santander,43.462355,-3.810008,SANTANDER,NGBE,2.1.3,,,14503
Santayana,43.180297,-3.507628,SOBA,NGBE,2.1.4,,,13809
Santiago de Cartes,43.334717,-4.063782,Varios o fuera de Cantabria,NGBE,2.1.9,,,4473
Santiago de Cudeyo,43.390318,-3.787108,MEDIO CUDEYO,NGBE,2.1.4,,,13810
Santián,43.145691,-4.034790,MOLLEDO,NGBE,2.1.6,,,12523
Santibáñez,43.286316,-4.242920,CABEZÓN DE LA SAL,NGBE,2.1.9,https://pares.cultura.gob.es/catastro/servlets/ServletController?mapas=0&accion=1&volver=0&txtBusqueda=Santib%C3%A1%C3%B1ez&tipo=0&tipolocal=-1&provact=39&Buscar=Buscar,1749-1753,12525
Santibáñez,43.236694,-3.845276,VILLACARRIEDO,NGBE,2.1.4,,,13811
Santillán,43.385071,-4.421875,SAN VICENTE DE LA BARQUERA,NGBE,2.1.4,,,13812
Santillana del Mar,43.390634,-4.108434,SANTILLANA DEL MAR,NGBE,2.1.9,,,3599
Santillana del Mar,43.390634,-4.108434,SANTILLANA DEL MAR,NGBE,2.1.3,,,14509
Santisteban,43.353327,-3.392905,AMPUERO,NGBE,2.1.9,,,12529
Santiurde de Reinosa,43.061626,-4.084414,SANTIURDE DE REINOSA,NGBE,2.1.4,,,13815
Santiurde de Reinosa,43.061626,-4.084414,SANTIURDE DE REINOSA,NGBE,2.1.3,,,14511
Santiurde de Toranzo,43.238553,-3.941702,SANTIURDE DE TORANZO,NGBE,2.1.4,,,13813
Santiurde de Toranzo,43.238553,-3.941702,SANTIURDE DE TORANZO,NGBE,2.1.3,,,14513
Santiuste,43.452514,-3.488581,ARGOÑOS,NGBE,2.1.9,,,3600
Santo Toribio,43.150201,-4.654130,CAMALEÑO,NGBE,2.1.9,,,3602
Santoña,43.444900,-3.456036,SANTOÑA,NGBE,2.1.9,,,3605
Santoña,43.444900,-3.456036,SANTOÑA,NGBE,2.1.3,,,14515
Santotís,43.161552,-4.369986,TUDANCA,NGBE,2.1.4,,,13817
Santotís,43.161552,-4.369986,TUDANCA,NGBE,2.1.3,,,14516
Santullán,43.347290,-3.210998,CASTRO-URDIALES,NGBE,2.1.4,,,13819
Sarceda,43.189880,-4.357178,TUDANCA,NGBE,2.1.4,,,13820
Saro,43.259521,-3.839111,SARO,NGBE,2.1.4,,,13821
Saro,43.259521,-3.839111,SARO,NGBE,2.1.3,,,14520
Sarón,43.324095,-3.853577,SANTA MARÍA DE CAYÓN,NGBE,2.1.9,,,12540
Sebrango,43.140930,-4.717712,CAMALEÑO,NGBE,2.1.9,,,12546
Secadura,43.355712,-3.534909,VOTO,NGBE,2.1.4,,,13823
Sejo de Abajo,43.360166,-4.349294,VALDÁLIGA,NGBE,2.1.6,,,12550
Sel de la Carrera,43.142883,-3.924500,LUENA,NGBE,2.1.4,,,13824
Sel de la Corba,43.121277,-3.869690,SAN PEDRO DEL ROMERAL,NGBE,2.1.6,,,10515
Sel de la Peña,43.158691,-3.899597,LUENA,NGBE,2.1.9,,,3616
Sel del Hoyo,43.108377,-3.887715,LUENA,NGBE,2.1.9,,,4227
Sel del Manzano,43.063477,-3.861878,LUENA,NGBE,2.1.9,,,12593
Sel del Tojo,43.170929,-3.913398,CORVERA DE TORANZO,NGBE,2.1.9,,,12597
Selaya,43.216651,-3.806759,SELAYA,NGBE,2.1.9,,,3618
Selaya,43.216651,-3.806759,SELAYA,NGBE,2.1.3,,,14524
Seldesuto,43.278890,-3.643978,ARREDONDO,Autonómico,2.1.6,,,173098
Selores,43.211304,-4.301880,CABUÉRNIGA,NGBE,2.1.4,,,13825
Selviejo,43.092529,-3.927979,LUENA,NGBE,2.1.9,,,12605
Seminario Pontificio,43.386902,-4.300903,COMILLAS,NGBE,2.1.9,,,3621
Seña,43.385498,-3.411191,LIMPIAS,NGBE,2.1.4,,,13826
Señas,43.089167,-4.648777,VEGA DE LIÉBANA,NGBE,2.1.6,,,12611
Serdio,43.363099,-4.449585,VAL DE SAN VICENTE,NGBE,2.1.4,,,13827
Serna,43.030836,-4.213937,HERMANDAD DE CAMPOO DE SUSO,NGBE,2.1.4,https://pares.cultura.gob.es/catastro/servlets/ServletController?mapas=0&accion=1&volver=0&txtBusqueda=Serna&tipo=0&tipolocal=-1&provact=39&Buscar=Buscar,1749-1753,13828
Servillas,43.028687,-3.989991,CAMPOO DE YUSO,NGBE,2.1.4,,,13830
Servillejas,43.027787,-4.008774,CAMPOO DE YUSO,NGBE,2.1.4,,,13831
Setién,43.424070,-3.730709,MARINA DE CUDEYO,NGBE,2.1.4,,,13832
Sicuetos,43.179076,-3.533507,SOBA,NGBE,2.1.6,,,12637
Sierra,43.389282,-4.242493,RUILOBA,NGBE,2.1.9,,,12640
Sierra,42.984497,-4.096924,CAMPOO DE ENMEDIO,NGBE,2.1.6,,,12641
Sierra de Ibio,43.316143,-4.160753,MAZCUERRAS,NGBE,2.1.9,,,12654
Sierra Elsa,43.329284,-4.088806,CARTES,NGBE,2.1.9,,,12669
Sierrapando,43.342895,-4.031800,TORRELAVEGA,NGBE,2.1.9,,,12695
Silió,43.148498,-4.019714,MOLLEDO,NGBE,2.1.4,,,13833
Soano,43.481078,-3.544976,ARNUERO,NGBE,2.1.4,,,13834
Sobarzo,43.343870,-3.838989,PENAGOS,NGBE,2.1.4,,,13835
Soberado,43.083130,-4.630493,VEGA DE LIÉBANA,NGBE,2.1.6,,,12706
Sobrelapeña,43.251564,-4.483857,LAMASÓN,NGBE,2.1.9,https://pares.cultura.gob.es/catastro/servlets/ServletController?mapas=0&accion=1&volver=0&txtBusqueda=Sobrelape%C3%B1a&tipo=0&tipolocal=-1&provact=39&Buscar=Buscar,1749-1753,3677
Sobrelapeña,43.251564,-4.483857,LAMASÓN,NGBE,2.1.3,https://pares.cultura.gob.es/catastro/servlets/ServletController?mapas=0&accion=1&volver=0&txtBusqueda=Sobrelape%C3%B1a&tipo=0&tipolocal=-1&provact=39&Buscar=Buscar,1749-1753,14538
Sobremazas,43.375486,-3.746091,MEDIO CUDEYO,NGBE,2.1.4,,,13836
Sobrepeña,42.785524,-3.962588,VALDERREDIBLE,NGBE,2.1.4,,,13838
Sobrepenilla,42.778588,-3.991578,VALDERREDIBLE,NGBE,2.1.4,,,13837
Socobio,43.319178,-3.946062,CASTAÑEDA,NGBE,2.1.9,,,12722
Socueva,43.264893,-3.608274,ARREDONDO,NGBE,2.1.9,,,12724
Solamaza,43.341491,-3.377074,AMPUERO,NGBE,2.1.9,,,3683
Solana,43.267089,-3.734679,MIERA,NGBE,2.1.9,,,12729
Solares,43.382688,-3.737607,MEDIO CUDEYO,NGBE,2.1.4,,,13839
Sollagua,43.417480,-3.481014,BÁRCENA DE CICERO,NGBE,2.1.6,,,12737
Solórzano,43.381073,-3.587459,SOLÓRZANO,NGBE,2.1.4,,,13840
Solórzano,43.381073,-3.587459,SOLÓRZANO,NGBE,2.1.3,,,14544
Somahoz,43.248901,-4.063782,CORRALES DE BUELNA (LOS),NGBE,2.1.9,,,12742
Somarriba,43.357298,-3.807982,Varios o fuera de Cantabria,NGBE,2.1.6,,,3687
Somballe,43.041687,-4.065430,SANTIURDE DE REINOSA,NGBE,2.1.4,,,13842
Somo,43.454527,-3.742916,RIBAMONTÁN AL MAR,NGBE,2.1.4,,,13843
Soña,43.383300,-4.003113,POLANCO,NGBE,2.1.9,,,12760
Sonabia,43.409912,-3.328305,CASTRO-URDIALES,NGBE,2.1.9,,,12758
Sopeña,42.950605,-4.140276,CAMPOO DE ENMEDIO,NGBE,2.1.6,,,12772
Sopeña,43.229309,-4.291809,CABUÉRNIGA,NGBE,2.1.9,https://pares.cultura.gob.es/catastro/servlets/ServletController?mapas=0&accion=1&volver=0&txtBusqueda=Sope%C3%B1a&tipo=0&tipolocal=-1&provact=39&Buscar=Buscar,1749-1753,12773
Sopeña,43.388306,-3.373411,LIENDO,NGBE,2.1.4,,,13844
Sopenilla,43.284390,-4.044542,SAN FELICES DE BUELNA,NGBE,2.1.9,,,12763
Sotillo,42.877686,-4.115478,VALDEPRADO DEL RÍO,NGBE,2.1.4,,,13845
Soto,43.033874,-4.223876,HERMANDAD DE CAMPOO DE SUSO,NGBE,2.1.9,,,3696
Soto,43.033874,-4.223876,HERMANDAD DE CAMPOO DE SUSO,NGBE,2.1.4,,,13846
Soto,43.238098,-3.864197,VILLACARRIEDO,NGBE,2.1.4,,,13847
Soto de la Marina,43.466918,-3.894410,SANTA CRUZ DE BEZANA,NGBE,2.1.4,,,13848
Soto Rucandio,42.913697,-3.869691,VALDERREDIBLE,NGBE,2.1.4,,,13849
Sovilla,43.279113,-4.051392,SAN FELICES DE BUELNA,NGBE,2.1.9,,,12798
Suances,43.426065,-4.042136,SUANCES,NGBE,2.1.9,,,3698
Suances,43.426065,-4.042136,SUANCES,NGBE,2.1.3,,,14554
Suano,42.979126,-4.206298,HERMANDAD DE CAMPOO DE SUSO,NGBE,2.1.4,,,13850
Suesa,43.442503,-3.710383,RIBAMONTÁN AL MAR,NGBE,2.1.4,,,13851
Susilla,42.800293,-4.077881,VALDERREDIBLE,NGBE,2.1.4,,,13852
Tabernilla,43.342102,-3.421690,AMPUERO,NGBE,2.1.9,,,3701
Tabladillo,43.289324,-3.661123,ARREDONDO,NGBE,2.1.9,,,3704
Tabladillo,43.289324,-3.661123,ARREDONDO,NGBE,2.1.6,,,7543
Tablado,43.115906,-3.906006,LUENA,NGBE,2.1.9,,,12816
Tagle,43.422119,-4.077881,SUANCES,NGBE,2.1.4,,,13853
Talledo,43.316284,-3.172912,CASTRO-URDIALES,NGBE,2.1.9,,,12824
Tama,43.176347,-4.600116,CILLORIGO DE LIÉBANA,NGBE,2.1.9,,,3705
Tama,43.176347,-4.600116,CILLORIGO DE LIÉBANA,NGBE,2.1.3,,,14560
Tanarrio,43.157288,-4.707519,CAMALEÑO,NGBE,2.1.4,,,13854
Tanos,43.332519,-4.043518,TORRELAVEGA,NGBE,2.1.9,,,12833
Tarriba,43.358519,-3.780577,LIÉRGANES,NGBE,2.1.6,,,3708
Tarriba,43.270874,-4.044312,SAN FELICES DE BUELNA,NGBE,2.1.9,,,12839
Tarrueza,43.392883,-3.399472,LAREDO,NGBE,2.1.9,,,12840
Terán,43.220520,-4.302185,CABUÉRNIGA,NGBE,2.1.4,,,13855
Tezanos,43.221923,-3.826294,VILLACARRIEDO,NGBE,2.1.4,,,13856
Tollo,43.110108,-4.621216,VEGA DE LIÉBANA,NGBE,2.1.4,,,13857
Toñanes,43.394714,-4.195312,ALFOZ DE LLOREDO,NGBE,2.1.4,https://pares.cultura.gob.es/catastro/servlets/ServletController?mapas=0&accion=1&volver=0&txtBusqueda=To%C3%B1anes&tipo=0&tipolocal=-1&provact=39&Buscar=Buscar,1749-1753,13858
Toporias,43.334900,-4.229126,UDÍAS,NGBE,2.1.9,,,12883
Toranzo,43.105896,-4.666199,VEGA DE LIÉBANA,NGBE,2.1.4,,,13859
Torcollano,43.283789,-3.373423,RASINES,NGBE,2.1.9,,,12898
Torices,43.134522,-4.547608,CABEZÓN DE LIÉBANA,NGBE,2.1.4,,,13860
Torquiendo,43.379272,-3.336302,GURIEZO,NGBE,2.1.9,,,3724
Torrelavega,43.349305,-4.050832,TORRELAVEGA,NGBE,2.1.9,,,3735
Torrelavega,43.349305,-4.050832,TORRELAVEGA,NGBE,2.1.3,,,14570
Torres,43.355102,-4.068115,TORRELAVEGA,NGBE,2.1.9,https://pares.cultura.gob.es/catastro/servlets/ServletController?accion=4&opcionV=3&orden=0&loc=12164&pageNum=1,1749-1753,12921
Torriente,43.408081,-4.147827,ALFOZ DE LLOREDO,NGBE,2.1.6,https://pares.cultura.gob.es/catastro/servlets/ServletController?mapas=0&accion=1&volver=0&txtBusqueda=Torriente&tipo=0&tipolocal=-1&provact=39&Buscar=Buscar,1749-1753,3737
Totero,43.299681,-3.841186,SANTA MARÍA DE CAYÓN,NGBE,2.1.4,,,13861
Trasierra,43.392090,-4.230713,RUILOBA,NGBE,2.1.9,,,12945
Trasvía,43.383728,-4.314209,COMILLAS,NGBE,2.1.9,,,273
Trebuesto,43.332885,-3.312012,GURIEZO,NGBE,2.1.9,,,12958
Treceño,43.318298,-4.304504,VALDÁLIGA,NGBE,2.1.4,,,13862
Tresabuela,43.086120,-4.428588,POLACIONES,NGBE,2.1.4,,,13863
Tresagua,43.363281,-3.328612,GURIEZO,NGBE,2.1.9,,,3744
Tresvalle,43.419221,-4.098476,SANTILLANA DEL MAR,NGBE,2.1.6,https://pares.cultura.gob.es/catastro/servlets/ServletController?mapas=0&accion=1&volver=0&txtBusqueda=Tresvalle&tipo=0&tipolocal=-1&provact=39&Buscar=Buscar,1749-1753,3740
Tresviso,43.257543,-4.668608,TRESVISO,NGBE,2.1.9,,,3746
Tresviso,43.257543,-4.668608,TRESVISO,NGBE,2.1.3,,,14575
Treto,43.392700,-3.470089,BÁRCENA DE CICERO,NGBE,2.1.9,,,3747
Treviño,43.121260,-4.726378,CAMALEÑO,NGBE,2.1.9,,,12973
Trillayo,43.186847,-4.593485,CILLORIGO DE LIÉBANA,NGBE,2.1.9,,,12975
Tudanca,43.151916,-4.372986,TUDANCA,NGBE,2.1.4,,,13864
Tudes,43.120484,-4.611023,VEGA DE LIÉBANA,NGBE,2.1.4,,,13865
Tuebre,43.419079,-3.506527,BÁRCENA DE CICERO,NGBE,2.1.6,,,12982
Turieno,43.158081,-4.650391,CAMALEÑO,NGBE,2.1.4,,,13866
Ubiarco,43.417297,-4.100098,SANTILLANA DEL MAR,NGBE,2.1.4,,,13867
Ucieda,43.264893,-4.248413,RUENTE,NGBE,2.1.9,,,3753
Udalla,43.315918,-3.450804,AMPUERO,NGBE,2.1.4,,,13868
Uldá,43.134888,-4.028992,MOLLEDO,NGBE,2.1.6,,,12990
Unquera,43.374329,-4.517518,VAL DE SAN VICENTE,NGBE,2.1.4,,,13869
Urdiales,43.128113,-3.919495,LUENA,NGBE,2.1.9,,,3764
Uznayo,43.091675,-4.402404,POLACIONES,NGBE,2.1.4,,,13870
Vada,43.090412,-4.675272,VEGA DE LIÉBANA,NGBE,2.1.9,,,13004
Val del Asón,43.248291,-3.609007,ARREDONDO,NGBE,2.1.9,,,13016
Valcaba,43.175476,-3.565306,SOBA,NGBE,2.1.4,,,13871
Valcayo,43.083679,-4.646606,VEGA DE LIÉBANA,NGBE,2.1.6,,,13024
Valdecilla,43.378685,-3.734440,MEDIO CUDEYO,NGBE,2.1.4,,,13872
Valdecilla,43.378685,-3.734440,MEDIO CUDEYO,NGBE,2.1.3,,,14588
Valdeprado,43.075501,-4.493286,PESAGUERO,NGBE,2.1.4,,,13874
Valdeprado del Río,42.875306,-4.092224,VALDEPRADO DEL RÍO,NGBE,2.1.9,,,3776
Valdeprado del Río,42.875306,-4.092224,VALDEPRADO DEL RÍO,NGBE,2.1.4,,,13875
Valdició,43.225891,-3.682799,SOBA,NGBE,2.1.4,,,13876
Valle,43.226617,-4.301464,CABUÉRNIGA,NGBE,2.1.9,https://pares.cultura.gob.es/catastro/servlets/ServletController?mapas=0&accion=1&volver=0&txtBusqueda=Valle&tipo=0&tipolocal=-1&provact=39&Buscar=Buscar,1749-1753,3778
Valle,43.226617,-4.301464,CABUÉRNIGA,NGBE,2.1.4,https://pares.cultura.gob.es/catastro/servlets/ServletController?mapas=0&accion=1&volver=0&txtBusqueda=Valle&tipo=0&tipolocal=-1&provact=39&Buscar=Buscar,1749-1753,13877
Valle,43.277283,-3.526609,RUESGA,NGBE,2.1.4,,,13878
Valle,43.226617,-4.301464,CABUÉRNIGA,NGBE,2.1.3,https://pares.cultura.gob.es/catastro/servlets/ServletController?mapas=0&accion=1&volver=0&txtBusqueda=Valle&tipo=0&tipolocal=-1&provact=39&Buscar=Buscar,1749-1753,14595
Vallejo,43.138489,-4.727905,CAMALEÑO,NGBE,2.1.9,,,13074
Vallejo,43.137329,-4.032288,MOLLEDO,NGBE,2.1.6,,,13075
Valles,43.351929,-4.115478,REOCÍN,NGBE,2.1.4,https://pares.cultura.gob.es/catastro/servlets/ServletController?mapas=0&accion=1&volver=0&txtBusqueda=Valles&tipo=0&tipolocal=-1&provact=39&Buscar=Buscar,1749-1753,13880
Vallines,43.336487,-4.340576,VALDÁLIGA,NGBE,2.1.6,https://pares.cultura.gob.es/catastro/servlets/ServletController?mapas=0&accion=1&volver=0&txtBusqueda=Vallines&tipo=0&tipolocal=-1&provact=39&Buscar=Buscar,1749-1753,13089
Valmeo,43.132121,-4.630313,VEGA DE LIÉBANA,NGBE,2.1.4,,,13881
Valoria,43.333679,-4.259094,UDÍAS,NGBE,2.1.9,,,13097
Valvas,43.055101,-4.202391,HERMANDAD DE CAMPOO DE SUSO,Autonómico,2.1.6,,,316347
Valverde,43.255493,-3.264284,VALLE DE VILLAVERDE,NGBE,2.1.6,,,3818
Vargas,43.321715,-3.961609,PUENTE VIESGO,NGBE,2.1.4,,,13882
Vear de Udalla,43.316057,-3.442202,Varios o fuera de Cantabria,NGBE,2.1.9,,,189
Veares,43.260635,-3.475194,RAMALES DE LA VICTORIA,NGBE,2.1.6,,,3819
Vega,43.257079,-3.849792,VILLAFUFRE,NGBE,2.1.4,,,14600
Vega de Pas,43.158561,-3.782759,VEGA DE PAS,NGBE,2.1.9,,,3822
Vega de Pas,43.158561,-3.782759,VEGA DE PAS,NGBE,2.1.3,,,14604
Vega Escobosa,43.170840,-3.860247,LUENA,NGBE,2.1.9,,,3824
Vegacorredor,43.263475,-3.485616,RAMALES DE LA VICTORIA,NGBE,2.1.6,,,13141
Vegaloscorrales,43.094873,-3.830360,SAN PEDRO DEL ROMERAL,NGBE,2.1.9,https://pares.cultura.gob.es/catastro/servlets/ServletController?mapas=0&accion=1&volver=0&txtBusqueda=Vegaloscorrales&tipo=0&tipolocal=-1&provact=39&Buscar=Buscar,1749-1753,3827
Vegalosvados,43.146688,-3.840454,SAN PEDRO DEL ROMERAL,NGBE,2.1.9,,,3828
Veguilla,43.185982,-3.522189,SOBA,NGBE,2.1.4,,,13883
Veguilla,43.185982,-3.522189,SOBA,NGBE,2.1.3,,,14605
Vejo,43.090271,-4.699279,VEGA DE LIÉBANA,NGBE,2.1.4,,,13885
Vejorís,43.206115,-3.919617,SANTIURDE DE TORANZO,NGBE,2.1.4,,,13886
Velasquita,43.307294,-3.898441,SANTA MARÍA DE CAYÓN,Autonómico,2.1.6,,,166000
Vendejo,43.056702,-4.544006,PESAGUERO,NGBE,2.1.4,,,13887
Ventorrillo,43.078645,-4.072637,PESQUERA,NGBE,2.1.9,,,13163
Vernejo,43.302673,-4.224304,CABEZÓN DE LA SAL,NGBE,2.1.9,https://pares.cultura.gob.es/catastro/servlets/ServletController?mapas=0&accion=1&volver=0&txtBusqueda=Vernejo&tipo=0&tipolocal=-1&provact=39&Buscar=Buscar,1749-1753,13168
Viallán,43.399625,-4.136311,ALFOZ DE LLOREDO,NGBE,2.1.6,https://pares.cultura.gob.es/catastro/servlets/ServletController?mapas=0&accion=1&volver=0&txtBusqueda=Viall%C3%A1n&tipo=0&tipolocal=-1&provact=39&Buscar=Buscar,1749-1753,3848
Viaña,43.189514,-4.258789,CABUÉRNIGA,NGBE,2.1.9,,,13177
Viaña,43.142273,-3.796204,VEGA DE PAS,NGBE,2.1.4,,,13888
Vidular,43.382873,-3.539608,BÁRCENA DE CICERO,NGBE,2.1.9,,,13180
Viérnoles,43.320923,-4.053894,TORRELAVEGA,NGBE,2.1.4,,,13890
Villabáñez,43.315039,-3.952509,CASTAÑEDA,NGBE,2.1.9,,,13185
Villacantid,43.002930,-4.206908,HERMANDAD DE CAMPOO DE SUSO,NGBE,2.1.4,,,13891
Villacarriedo,43.228795,-3.810105,VILLACARRIEDO,NGBE,2.1.4,,,13892
Villacarriedo,43.228795,-3.810105,VILLACARRIEDO,NGBE,2.1.3,,,14613
Villaescusa,42.962891,-4.166686,CAMPOO DE ENMEDIO,NGBE,2.1.4,,,13894
Villaescusa de Ebro,42.829713,-3.832094,VALDERREDIBLE,NGBE,2.1.9,,,3850
Villaescusa de Ebro,42.829713,-3.832094,VALDERREDIBLE,NGBE,2.1.4,,,13895
Villafría,42.988525,-4.105407,CAMPOO DE ENMEDIO,NGBE,2.1.6,,,13188
Villafufre,43.266479,-3.892822,VILLAFUFRE,NGBE,2.1.4,,,14616
Villamoñico,42.780517,-4.062989,VALDERREDIBLE,NGBE,2.1.4,,,13896
Villante,43.396118,-3.429196,LAREDO,NGBE,2.1.9,,,4031
Villanueva,43.370299,-3.859497,VILLAESCUSA,NGBE,2.1.9,,,3857
Villanueva,42.971886,-4.016075,ROZAS DE VALDEARROYO (LAS),NGBE,2.1.9,,,3858
Villanueva,43.404966,-3.369133,LIENDO,NGBE,2.1.9,,,13196
Villanueva,43.324348,-4.363877,VALDÁLIGA,NGBE,2.1.6,,,13197
Villanueva,42.971886,-4.016075,ROZAS DE VALDEARROYO (LAS),NGBE,2.1.4,,,13897
Villanueva,43.370299,-3.859497,VILLAESCUSA,NGBE,2.1.4,,,13898
Villanueva,43.246678,-3.274258,VALLE DE VILLAVERDE,NGBE,2.1.9,,,20339
Villanueva de la Nía,42.803711,-4.045411,VALDERREDIBLE,NGBE,2.1.4,,,13900
Villanueva de la Peña,43.317505,-4.191406,MAZCUERRAS,NGBE,2.1.4,,,13901
Villapaderne,43.020874,-4.071777,CAMPOO DE YUSO,NGBE,2.1.4,,,13902
Villaparte,43.306884,-3.420409,RASINES,NGBE,2.1.9,,,13198
Villapresente,43.364075,-4.105286,REOCÍN,NGBE,2.1.4,,,13903
Villapún,42.777112,-4.066818,VALDERREDIBLE,Autonómico,2.1.6,,,267932
Villar,43.018921,-4.264098,HERMANDAD DE CAMPOO DE SUSO,NGBE,2.1.9,,,3859
Villar,43.018921,-4.264098,HERMANDAD DE CAMPOO DE SUSO,NGBE,2.1.4,,,13904
Villar,43.178100,-3.524290,SOBA,NGBE,2.1.4,,,13905
Villasevil,43.256286,-3.932312,SANTIURDE DE TORANZO,NGBE,2.1.4,,,13906
Villasuso,43.213318,-4.004700,ANIEVAS,NGBE,2.1.9,,,3860
Villasuso,43.011292,-4.018189,CAMPOO DE YUSO,NGBE,2.1.9,,,13199
Villasuso,43.213318,-4.004700,ANIEVAS,NGBE,2.1.4,,,13907
Villasuso,43.220276,-4.111328,CIEZA,NGBE,2.1.4,,,13908
Villaverde,43.190490,-3.558775,SOBA,NGBE,2.1.9,,,3861
Villaverde,43.190490,-3.558775,SOBA,NGBE,2.1.4,,,13909
Villaverde,43.080688,-4.682312,VEGA DE LIÉBANA,NGBE,2.1.4,,,13910
Villaverde de Hito,42.842896,-3.867128,VALDERREDIBLE,NGBE,2.1.4,,,13911
Villaverde de Pontones,43.412718,-3.698299,RIBAMONTÁN AL MONTE,NGBE,2.1.4,,,13912
Villaviad,43.384888,-3.379514,LIENDO,NGBE,2.1.9,,,13200
Villayuso,43.222473,-4.088196,CIEZA,NGBE,2.1.9,,,3862
Villayuso,43.221496,-4.087402,CIEZA,NGBE,2.1.3,,,14634
Villegar,43.223083,-3.947327,CORVERA DE TORANZO,NGBE,2.1.4,,,13913
Villota de Elines,42.823692,-3.894557,VALDERREDIBLE,NGBE,2.1.4,,,13914
Viñón,43.185303,-4.639588,CILLORIGO DE LIÉBANA,NGBE,2.1.4,,,13915
Vioño,43.360540,-3.972639,PIÉLAGOS,NGBE,2.1.4,,,13916
Virgen de la Peña,43.322876,-4.193725,CABEZÓN DE LA SAL,NGBE,2.1.9,,,3866
Vispieres,43.373638,-4.097406,SANTILLANA DEL MAR,NGBE,2.1.9,,,13211
Viveda,43.381286,-4.051026,SANTILLANA DEL MAR,NGBE,2.1.4,,,13917
Vozpornoche,43.143622,-3.902574,LUENA,NGBE,2.1.9,,,3875
Yera,43.139099,-3.759399,VEGA DE PAS,NGBE,2.1.9,,,453
Yermo,43.307160,-4.082827,CARTES,NGBE,2.1.9,https://pares.cultura.gob.es/catastro/servlets/ServletController?mapas=0&accion=1&volver=0&txtBusqueda=Yermo&tipo=0&tipolocal=-1&provact=39&Buscar=Buscar,1749-1753,13231
Yuso,43.402283,-4.090210,SANTILLANA DEL MAR,NGBE,2.1.9,https://pares.cultura.gob.es/catastro/servlets/ServletController?mapas=0&accion=1&volver=0&txtBusqueda=Yuso&tipo=0&tipolocal=-1&provact=39&Buscar=Buscar,1749-1753,13235
Zurita,43.346679,-3.990784,PIÉLAGOS,NGBE,2.1.4,,,13918